experiment,fold,Date,horizon_day,actual_Revenue,actual_COGS,pred_Revenue,pred_COGS,pred_order_count,pred_AOV,pred_cogs_ratio
remove_low_importance,C,2021-01-01,1,1553431.51,1547553.58,1320891.91,1313730.33,54.66579311689363,24363.76091009984,0.9235881323487665
remove_low_importance,C,2021-01-02,2,378420.41,311258.46,495522.83,430060.36,19.237315995744083,30399.022964620206,0.8437756003259453
remove_low_importance,C,2021-01-03,3,677894.56,516308.19,622287.13,516640.43,23.165548391110274,32119.55002196626,0.7876132813235475
remove_low_importance,C,2021-01-04,4,819877.04,631242.67,599019.96,523616.59,25.68967835488199,31764.33683749979,0.7833409989363709
remove_low_importance,C,2021-01-05,5,1174326.91,961163.6,544665.43,511812.2,26.193022418285874,28857.87235021542,0.7938802427087852
remove_low_importance,C,2021-01-06,6,1114251.05,906466.26,535676.25,455608.6,26.25219582646955,26519.48941758039,0.8600258010877244
remove_low_importance,C,2021-01-07,7,837846.02,690390.14,564170.7,494823.61,23.494869184324767,24226.9714760215,0.7817108837681122
remove_low_importance,C,2021-01-08,8,1023293.14,849565.94,648782.25,590606.18,24.57929618645278,30849.902442730327,0.8080420585131374
remove_low_importance,C,2021-01-09,9,853729.27,699954.28,864132.76,709134.64,25.015893470809228,33582.11742918166,0.8354692177465424
remove_low_importance,C,2021-01-10,10,1180728.66,984866.85,963069.6,753535.51,29.902792607775208,33470.31352138782,0.7819559091600814
remove_low_importance,C,2021-01-11,11,1515387.6,1201417.37,1580427.72,1148027.96,44.27650598678426,32602.960038857866,0.793635741184231
remove_low_importance,C,2021-01-12,12,1062807.64,869052.09,1315968.78,876502.83,30.228446631891686,30032.515998878953,0.7969753363883543
remove_low_importance,C,2021-01-13,13,1070756.5,856031.34,1020853.99,870093.84,26.062905393625538,28625.82605629888,0.8136262156837952
remove_low_importance,C,2021-01-14,14,764427.24,629061.31,927884.11,721549.86,25.138755411390246,33483.83360555053,0.7854466992899549
remove_low_importance,C,2021-01-15,15,977003.78,779003.57,1122059.4,901295.01,29.166861340378407,33485.12099479293,0.7855691649190413
remove_low_importance,C,2021-01-16,16,1185774.61,916210.38,1362254.18,1041808.79,32.043651007219395,32550.381434959352,0.7964184125031606
remove_low_importance,C,2021-01-17,17,1224098.2,966990.57,1130338.68,972033.0,29.858003913665495,33552.682677827856,0.7986274672677989
remove_low_importance,C,2021-01-18,18,2502006.18,1916159.06,1274832.11,1145009.38,31.593114126418556,36116.83714171936,0.7963843239596289
remove_low_importance,C,2021-01-19,19,2011018.39,1652010.17,1307727.64,946385.14,30.96868863246049,33231.75567788613,0.8096658945171014
remove_low_importance,C,2021-01-20,20,1595354.2,1216527.62,1224385.56,1017242.6,38.058753522739224,34831.11295674544,0.8019544708761692
remove_low_importance,C,2021-01-21,21,1698207.91,1250048.47,1057085.38,800594.19,35.05735636501271,33772.94398117486,0.7860533652885362
remove_low_importance,C,2021-01-22,22,1620041.5,1267935.48,1313502.09,1105493.95,38.01183764331448,33699.03360651703,0.8081379507290427
remove_low_importance,C,2021-01-23,23,1744298.27,1412867.08,1560298.33,1267319.94,36.14284243932159,34888.28710385733,0.7900655327564545
remove_low_importance,C,2021-01-24,24,1862707.42,1491339.57,1554224.21,1377125.11,42.32648801033012,36231.41398543782,0.8121447907436679
remove_low_importance,C,2021-01-25,25,2346216.5,1913189.53,1777163.23,1444256.47,58.57431464209309,36814.868685222566,0.8098433970787884
remove_low_importance,C,2021-01-26,26,2993616.58,2282478.29,2175546.21,1531042.84,56.68918042286792,35685.07777945127,0.7835276696908167
remove_low_importance,C,2021-01-27,27,2258351.94,1690062.59,2133391.02,1714902.94,65.69583630504933,36339.33806949485,0.7901929961419802
remove_low_importance,C,2021-01-28,28,2405871.45,1845885.39,2606110.94,1971715.43,66.00361397416141,34527.93283936466,0.7953483850367835
remove_low_importance,C,2021-01-29,29,2246568.53,1778946.6,2175777.23,1954281.87,60.73177622638572,31713.017836898045,0.8141297746169947
remove_low_importance,C,2021-01-30,30,2167603.39,1754979.72,1796341.35,1959331.18,40.87824268011542,31939.998216779666,0.8138809473800515
remove_low_importance,C,2021-01-31,31,1607178.02,1317474.79,1303848.35,1515384.38,37.70045309455535,33703.21020626712,1.0125424475746905
remove_low_importance,C,2021-02-01,32,1551374.11,1281321.59,1033672.66,1129804.99,40.63380484105781,35554.26772212928,1.0321456469284982
remove_low_importance,C,2021-02-02,33,958876.9,764858.08,786200.5,695873.57,24.86638969290336,34953.543456115,1.0278923166190346
remove_low_importance,C,2021-02-03,34,1095535.11,933310.92,786646.13,656011.14,24.52609240678856,33889.84254739539,0.8116169534738324
remove_low_importance,C,2021-02-04,35,1345207.17,1009834.12,967389.75,834212.39,27.796207120581766,36095.04158646794,0.8112033512615373
remove_low_importance,C,2021-02-05,36,1749418.05,1399602.15,958848.54,954967.23,26.80546879707281,31345.116549492446,0.8069875500836912
remove_low_importance,C,2021-02-06,37,1240787.91,940727.48,1124271.07,1079648.96,37.7683441521992,36895.400070436706,0.870429132409622
remove_low_importance,C,2021-02-07,38,1814367.53,1394396.68,1310692.05,1290340.55,42.3522750145959,31090.933754213598,0.9090292963282789
remove_low_importance,C,2021-02-08,39,1325809.68,1131072.08,1167985.83,1115761.57,41.93761646294283,34082.09889055129,0.8665567151769107
remove_low_importance,C,2021-02-09,40,1448124.96,1194857.77,1137365.36,1013412.92,31.582427141939277,34641.9611359586,0.86964542631805
remove_low_importance,C,2021-02-10,41,1851743.73,1575581.32,1063859.21,854225.81,33.94391576275022,38132.39514148608,0.799873131281589
remove_low_importance,C,2021-02-11,42,1689417.95,1396084.38,1236287.01,1023484.62,36.86270396988219,37520.18708230303,0.8038198462788699
remove_low_importance,C,2021-02-12,43,1983824.96,1679342.84,1238500.79,1130483.64,38.70106567174331,33205.753541249695,0.8110204430598904
remove_low_importance,C,2021-02-13,44,1986462.63,1556559.62,1637020.44,1437309.12,40.96902457545651,35043.95855386229,0.8238194319694274
remove_low_importance,C,2021-02-14,45,2942830.48,2472928.79,1677376.71,1492801.28,51.75177692957547,35147.143814666066,0.8134351865782636
remove_low_importance,C,2021-02-15,46,3142099.08,2531323.24,1788898.63,1610966.14,52.62534479039637,33656.49489729647,0.7993521355129951
remove_low_importance,C,2021-02-16,47,1874868.49,1645455.89,1664668.16,1456844.41,54.624959679169876,35851.85370581406,0.7945654590337696
remove_low_importance,C,2021-02-17,48,2468895.03,1948858.13,1541593.39,1184934.94,42.49193049111444,32404.950016580227,0.8122164815332589
remove_low_importance,C,2021-02-18,49,1729200.62,1374282.0,1854557.72,1827699.78,54.73712154395629,34963.14036840737,0.8275429829147267
remove_low_importance,C,2021-02-19,50,2485137.46,1894234.27,1835949.7,1748817.68,61.275499151153525,36064.25987672422,0.8742438815181088
remove_low_importance,C,2021-02-20,51,2510521.11,1978226.96,1915235.73,1768178.97,67.87172074543605,38102.31278394131,0.8746843930023975
remove_low_importance,C,2021-02-21,52,2673937.37,2158355.9,2226260.76,2122210.03,81.61376644641463,35738.7748528628,0.8396783461941422
remove_low_importance,C,2021-02-22,53,3295922.4,2680528.93,2442873.97,2235008.38,80.54188108695752,35118.518292965746,0.8691983275001685
remove_low_importance,C,2021-02-23,54,4952064.84,3886168.63,2596970.69,1961343.04,71.66373323868798,32277.205322664573,0.8179952693612069
remove_low_importance,C,2021-02-24,55,2880648.13,2377495.5,2726063.86,2132820.36,66.85136521284466,33001.138173555046,0.8084247219642726
remove_low_importance,C,2021-02-25,56,5675843.97,4598510.35,2767316.54,2672484.8,76.09608262781869,32104.838520930483,0.8161507541257551
remove_low_importance,C,2021-02-26,57,3813868.44,3118356.14,2964690.54,2803203.58,67.36286215951311,32787.86436466668,0.8894766662637008
remove_low_importance,C,2021-02-27,58,3241854.71,2733660.27,2403295.99,2440005.9,51.723728593030096,30067.900020312303,0.8875909843216294
remove_low_importance,C,2021-02-28,59,2348995.75,1901704.24,1823679.06,1621172.93,34.93557344871301,34109.14756521532,0.8642328278594782
remove_low_importance,C,2021-03-01,60,1942260.67,1595206.21,1044221.47,855612.57,22.066181708814188,32766.185663298642,0.8521123577491447
remove_low_importance,C,2021-03-02,61,679248.37,536287.19,513957.16,454913.5,16.519777886705395,37607.95143543454,0.8165924823286883
remove_low_importance,C,2021-03-03,62,1202803.22,982110.07,763108.03,610515.17,23.734334811429708,32848.220043588386,0.8194598067146119
remove_low_importance,C,2021-03-04,63,2188811.67,1718125.54,1216989.72,925003.95,31.59002369412311,29906.54224899191,0.7901767661725123
remove_low_importance,C,2021-03-05,64,1350969.16,1101818.84,1498223.62,1244491.24,40.58319903736806,35195.481051552895,0.8029536459059934
remove_low_importance,C,2021-03-06,65,1702498.76,1385168.73,1203768.49,1214345.57,39.01826809392387,32209.20110580164,0.7859744786095415
remove_low_importance,C,2021-03-07,66,2475099.15,2022240.35,1495558.95,1246300.46,39.50744688165847,31449.194145562014,0.8629730952537171
remove_low_importance,C,2021-03-08,67,2765984.78,2054703.58,1754689.37,1422704.26,48.87141342045452,32156.283164466684,0.792975787458613
remove_low_importance,C,2021-03-09,68,2910840.37,2318282.64,2016955.13,1689232.92,55.928315420353535,38552.50571312729,0.7965011433032776
remove_low_importance,C,2021-03-10,69,2793536.43,2183321.72,1979903.14,1748863.98,62.91915544440034,37954.1681365951,0.7899695628029624
remove_low_importance,C,2021-03-11,70,4291688.17,3434300.04,2622279.95,2088018.0,79.26709989024019,33174.631322701985,0.8060920092880137
remove_low_importance,C,2021-03-12,71,4134860.06,3361961.81,2644597.62,1867500.29,76.80021416040748,37348.31908672956,0.793243836168833
remove_low_importance,C,2021-03-13,72,2417371.88,1968099.73,2325362.97,1819286.55,66.1388416498995,36372.17973370612,0.7997287976666296
remove_low_importance,C,2021-03-14,73,2889680.59,2334076.0,2897263.43,2372619.18,81.75737385814664,37452.33227131252,0.7738527238827773
remove_low_importance,C,2021-03-15,74,3654509.31,2866925.36,3319528.57,2521469.39,87.53902782071164,35745.664837759934,0.7916964584222939
remove_low_importance,C,2021-03-16,75,4008350.11,3320217.27,3209400.06,2351211.83,89.17104239148198,36255.47529850271,0.7949592158497909
remove_low_importance,C,2021-03-17,76,4400411.89,3480694.63,3956035.46,2798491.62,94.17205768815207,36378.74852959241,0.8018128445445334
remove_low_importance,C,2021-03-18,77,5516765.31,4537155.51,4272309.04,3338704.35,106.30272981280064,37605.4974795088,0.8152100369764574
remove_low_importance,C,2021-03-19,78,3614457.51,2975958.79,3966248.74,3093991.74,109.72947237361684,37069.46226005182,0.8472296189520778
remove_low_importance,C,2021-03-20,79,3232018.55,2766387.35,3800058.55,3109262.48,111.28533785801835,38453.270435557366,0.8744655090349327
remove_low_importance,C,2021-03-21,80,2822145.24,2475231.8,3679887.62,3080501.52,118.66909600845273,37021.19692093102,0.8916949130329566
remove_low_importance,C,2021-03-22,81,3923103.49,3698730.81,4453059.09,3453026.24,121.83991962903673,33586.7100875222,0.8927310040357641
remove_low_importance,C,2021-03-23,82,4222620.69,3768846.71,3794710.02,3396517.11,125.23251504861099,35969.99936050392,0.8934879629210071
remove_low_importance,C,2021-03-24,83,4003647.57,3639438.17,4564467.79,3854427.53,121.17881846955108,35039.913925853965,0.936928593720995
remove_low_importance,C,2021-03-25,84,4847687.37,4322456.49,4106596.77,3794781.95,130.2787876185984,32179.311477156698,0.8797372575848548
remove_low_importance,C,2021-03-26,85,4034615.27,3623284.41,4220411.23,3839903.67,134.6846969821672,32085.203473002566,0.9340413828217426
remove_low_importance,C,2021-03-27,86,3612774.77,3405524.2,4320141.49,4153967.6,139.1292377465612,33796.695006824666,0.9509173926270269
remove_low_importance,C,2021-03-28,87,3528929.89,3193051.24,4334562.21,3936313.19,139.8408657984985,32376.59774324986,0.9666069747521464
remove_low_importance,C,2021-03-29,88,4090090.6,3735223.94,4545154.67,4309950.17,165.91962412656733,34098.34973864629,0.9487782194616399
remove_low_importance,C,2021-03-30,89,10795905.35,9875208.04,8749534.76,7287828.26,261.0533445803513,33112.85837909343,0.9461428362684994
remove_low_importance,C,2021-03-31,90,9220320.43,8547874.84,7804323.83,7154290.38,221.5012608969545,34864.75663882015,0.8848220350083447
remove_low_importance,C,2021-04-01,91,9027075.84,8225391.38,6780508.22,6222959.1,188.64085192914737,35098.85014231675,0.9236435184722938
remove_low_importance,C,2021-04-02,92,7866035.23,7228630.89,6565377.89,6312545.92,195.3812139609438,34352.767030162824,0.9231469642953565
remove_low_importance,C,2021-04-03,93,7594752.42,7064149.71,4463163.99,4728090.24,169.88684051944475,33892.63774271653,0.9457887632890145
remove_low_importance,C,2021-04-04,94,1720555.46,1597615.49,2594524.86,2097234.89,97.44133573332644,36308.21687398793,0.9416522271796202
remove_low_importance,C,2021-04-05,95,2665962.66,2489752.36,2272019.72,2090394.27,100.47999853159659,33258.3220885603,0.901500926108272
remove_low_importance,C,2021-04-06,96,2627509.32,2395678.58,1955177.0,2122678.09,103.46046169264484,30614.057612392393,0.9435840462344378
remove_low_importance,C,2021-04-07,97,3504391.02,3200078.0,2314782.89,2536062.96,107.71713549953142,24477.426773709827,1.0764857806461738
remove_low_importance,C,2021-04-08,98,3026850.22,2768519.33,2437580.26,2919948.61,113.79493013550724,30984.631687076086,1.1034971272570777
remove_low_importance,C,2021-04-09,99,3110153.27,2714930.73,2656517.9,2732941.67,112.78026946296211,29346.50465333591,1.1137367952807975
remove_low_importance,C,2021-04-10,100,2505766.01,2142941.81,2782257.37,3079747.06,120.36962349053142,31203.03914876834,0.993924926079512
remove_low_importance,C,2021-04-11,101,2755337.37,2528446.54,3090884.8,3175195.93,123.4820243577611,30642.40945884095,1.1220377301220092
remove_low_importance,C,2021-04-12,102,3206411.87,3006280.88,3754554.78,3159896.53,124.73227698338547,29819.829508682735,0.9503182000630994
remove_low_importance,C,2021-04-13,103,3231903.43,2897501.76,4048784.77,3346155.83,129.04123224368718,30860.00698739277,0.9045634276046328
remove_low_importance,C,2021-04-14,104,5218947.03,4826353.96,4055748.95,3531570.47,133.83920175553382,30856.575646222052,0.8794184346130269
remove_low_importance,C,2021-04-15,105,4270735.63,3783812.65,4305101.13,3754461.18,132.08476470250605,32512.926922123806,0.8573905323014657
remove_low_importance,C,2021-04-16,106,3735241.12,3308841.35,4236889.93,3579042.94,130.53190439857352,34427.3211063613,0.848433771604429
remove_low_importance,C,2021-04-17,107,3800876.52,3259298.49,4169701.53,3669271.21,137.00679618067755,34171.636555569756,0.8071071585948422
remove_low_importance,C,2021-04-18,108,4448113.81,3495208.68,4307062.45,3666858.6,139.69269527067712,31969.440278606853,0.7854850658879602
remove_low_importance,C,2021-04-19,109,3468512.12,2925337.15,4419381.25,3654661.36,146.8629727804958,33456.54379738577,0.7807418974108327
remove_low_importance,C,2021-04-20,110,4030055.78,3186833.6,4763638.6,3572232.25,152.05411960998114,34067.92895857604,0.7793379920957686
remove_low_importance,C,2021-04-21,111,5244905.44,4141247.89,4613709.86,3741158.7,156.24070767451045,33776.98033319797,0.8009246739927396
remove_low_importance,C,2021-04-22,112,4635126.49,3691630.05,5373521.98,4239712.22,162.43703353546138,36622.580677125545,0.7855443842999179
remove_low_importance,C,2021-04-23,113,2503702.41,1966755.8,4830194.95,4126598.81,148.49255776661752,34874.97877354903,0.7954749325562562
remove_low_importance,C,2021-04-24,114,3966260.92,3199689.13,4659112.29,3663584.2,146.31656523860622,34141.5751132391,0.7712445060799233
remove_low_importance,C,2021-04-25,115,4545990.29,3630097.75,4873532.19,4075000.15,148.39697187854145,34818.039503842694,0.7831884497541624
remove_low_importance,C,2021-04-26,116,4718077.11,3814996.18,4935302.94,4047598.05,153.09127425168418,32571.705741200225,0.7687848571744866
remove_low_importance,C,2021-04-27,117,5303542.87,4355535.28,5540679.88,4852634.82,165.69560747898632,36155.80812227405,0.7759228525828186
remove_low_importance,C,2021-04-28,118,5606431.49,4335482.99,6596453.07,5265474.2,210.8384648261719,31918.248632091167,0.7970163265352588
remove_low_importance,C,2021-04-29,119,9535515.05,7714922.63,7621115.75,7066655.53,287.2586123635734,34866.00584198062,0.7958266729971799
remove_low_importance,C,2021-04-30,120,6962149.33,5622679.65,7879735.0,6057709.33,250.7327711340745,33309.75342615067,0.8410188353212322
remove_low_importance,C,2021-05-01,121,6555221.49,5276005.92,6732032.52,4970039.63,228.4881222918036,35017.901911943634,0.7895320172733518
remove_low_importance,C,2021-05-02,122,5301495.07,4383106.98,5443216.36,4453043.62,207.34017885909645,34706.560634226014,0.7982443675483
remove_low_importance,C,2021-05-03,123,3778243.02,3051862.47,5141595.26,4015322.26,165.9307471148101,34609.455473324815,0.7874563616562615
remove_low_importance,C,2021-05-04,124,1930133.97,1605646.92,2088617.85,1432659.76,62.861865242857554,34371.87522698259,0.7916276361537047
remove_low_importance,C,2021-05-05,125,2491751.76,1992920.65,2145009.63,1959122.88,56.6822055374867,35167.42146513747,0.7922979856116921
remove_low_importance,C,2021-05-06,126,3090364.98,2462408.5,2458768.29,2287170.97,77.02927377480988,34337.882806952104,0.8266494393242296
remove_low_importance,C,2021-05-07,127,3099539.75,2583097.98,2417306.44,2419337.76,87.14801300957477,32931.144198104215,0.8853914101499558
remove_low_importance,C,2021-05-08,128,2448108.31,2024581.03,2648502.03,2359265.15,87.55887560297222,33476.86284640222,0.8938930271580106
remove_low_importance,C,2021-05-09,129,3801718.87,3192875.3,2686510.36,2104491.1,93.84917456837454,33769.14211091005,0.8035411045745788
remove_low_importance,C,2021-05-10,130,3546216.71,2807669.46,2289440.57,2309864.1,92.76481996712502,35582.44333933898,0.7881222569751398
remove_low_importance,C,2021-05-11,131,3323078.36,2752138.51,3084065.61,2572063.83,87.58457006976872,31509.902161898008,0.8754415079298798
remove_low_importance,C,2021-05-12,132,4782841.68,3847828.01,3172094.42,2496735.53,86.54066105483412,36608.682039151536,0.7878484896194888
remove_low_importance,C,2021-05-13,133,5666923.8,4709813.19,3580331.33,2813553.09,95.41137666969242,34402.08452169217,0.7918059086159619
remove_low_importance,C,2021-05-14,134,5250104.11,4258778.21,3595522.85,3231426.58,109.11602989000133,32448.13219599828,0.7864880100255893
remove_low_importance,C,2021-05-15,135,3858160.76,3146686.62,3774375.65,3278639.69,108.9408224647895,37004.67399949847,0.7910823838013188
remove_low_importance,C,2021-05-16,136,3981359.06,3199505.04,3901995.53,3116021.53,115.55936831930372,36151.992298446065,0.8019630445683705
remove_low_importance,C,2021-05-17,137,4684806.7,3826508.17,3727291.38,3031208.56,122.82623923260286,33057.96944347131,0.7859355139476003
remove_low_importance,C,2021-05-18,138,3549112.31,2889339.05,3667152.67,3005222.36,120.56779249185053,33159.25461467948,0.7937788881037142
remove_low_importance,C,2021-05-19,139,4795038.58,3840346.57,3811731.78,3037052.08,121.2003750284605,35809.411488460435,0.7984448194447471
remove_low_importance,C,2021-05-20,140,5057797.75,4088691.43,4288918.13,3554634.5,128.53896150601466,35002.99218865859,0.7962453125749225
remove_low_importance,C,2021-05-21,141,5434543.62,4271132.76,4028170.53,3646831.0,144.0319014193484,36800.14142598764,0.7950134848439863
remove_low_importance,C,2021-05-22,142,4310539.38,3526722.84,4918191.43,3900605.65,137.87769514878096,36747.49941691019,0.8048846485719396
remove_low_importance,C,2021-05-23,143,3846392.54,3086892.89,4917598.0,3811119.29,138.74233318207737,34967.506698623896,0.8059038788027468
remove_low_importance,C,2021-05-24,144,3987573.28,3177252.48,4359170.59,3512048.66,145.32031977680265,35869.1177334474,0.7985803604331025
remove_low_importance,C,2021-05-25,145,3822459.48,3142554.15,4873797.42,3674111.18,142.49865655591665,33798.41309961413,0.7820718673084577
remove_low_importance,C,2021-05-26,146,4915453.17,4056932.97,4065031.91,3516829.01,134.51521405298655,35463.62578539091,0.8152340023288378
remove_low_importance,C,2021-05-27,147,7320510.07,6048379.93,4752705.77,3848914.41,158.95035190130136,35975.58554234345,0.8074884133694906
remove_low_importance,C,2021-05-28,148,6925957.27,5561587.62,5889475.39,4669932.85,181.7142607792212,35351.43861778116,0.795627714313317
remove_low_importance,C,2021-05-29,149,4630943.52,3787091.31,5714433.09,4773348.47,201.61070613993775,35427.860442700396,0.7848695398128946
remove_low_importance,C,2021-05-30,150,8887935.6,7274840.31,8459568.0,6804782.03,264.80918829305404,34557.029367319876,0.7869537389602983
remove_low_importance,C,2021-05-31,151,7996369.9,6466327.4,7879639.51,6613062.11,273.847587110705,34551.06184761447,0.7856323690514508
remove_low_importance,C,2021-06-01,152,7479521.04,6141761.22,7914634.35,6124983.36,244.52510606573279,34297.28406302797,0.7938194401431933
remove_low_importance,C,2021-06-02,153,6960798.21,5572082.02,7033960.51,5176117.52,219.07287483547339,33949.15788239477,0.7972747319493305
remove_low_importance,C,2021-06-03,154,6367799.03,5139667.32,5680753.01,4340087.41,216.29457644552443,34350.945137930576,0.7996933052589861
remove_low_importance,C,2021-06-04,155,2524112.16,2097669.41,3553106.91,2521104.3,117.17962230142038,34253.819669348435,0.7934096448228269
remove_low_importance,C,2021-06-05,156,2884765.01,2262050.61,2803774.55,2265354.64,92.45242347554559,31662.311901692294,0.7916936694379133
remove_low_importance,C,2021-06-06,157,3795966.84,3084551.9,1965431.24,1919475.13,86.07054508682535,31692.005728028707,0.7974003641176928
remove_low_importance,C,2021-06-07,158,3757477.99,3136794.28,2310162.65,2255491.23,90.684924974616,31973.800789754223,0.8842429019244469
remove_low_importance,C,2021-06-08,159,3948452.32,3177527.58,2763819.63,2441148.48,92.96321434011465,32667.88620840466,0.9115572758057666
remove_low_importance,C,2021-06-09,160,3733884.76,3009506.21,3178680.79,2625623.78,105.84308544721627,33408.40917390744,0.7994576811467322
remove_low_importance,C,2021-06-10,161,3994102.54,3220973.51,3523630.64,3148261.97,114.56780827839353,33732.4158079216,0.7967141252660026
remove_low_importance,C,2021-06-11,162,3221511.31,2622379.46,3668297.47,2876536.52,104.97074149214349,35392.311284855416,0.8060105220295912
remove_low_importance,C,2021-06-12,163,3618435.07,2920008.48,3755188.3,2756357.74,107.23343894925566,36701.166288795546,0.7910709001063587
remove_low_importance,C,2021-06-13,164,3349171.43,2778202.9,3971957.33,2913650.21,113.32547721305592,36993.5322284506,0.8059136311258537
remove_low_importance,C,2021-06-14,165,4007931.92,3159812.63,3885650.91,3077678.12,122.16773538694014,35679.28999669115,0.8000744532342541
remove_low_importance,C,2021-06-15,166,4162142.95,3326425.2,3805917.32,3142620.71,129.80986824493857,34970.80321665666,0.7942898481751028
remove_low_importance,C,2021-06-16,167,4740156.23,3752544.13,4765046.25,3563401.02,134.98383041360327,35276.15962815848,0.8048333089680826
remove_low_importance,C,2021-06-17,168,5807751.43,4698668.17,4440377.65,3703860.83,144.8256196427051,36677.357731026044,0.8052981386997062
remove_low_importance,C,2021-06-18,169,4316861.14,3463681.18,4210851.13,3497384.08,130.26928193110933,35047.680691720314,0.8017508058253706
remove_low_importance,C,2021-06-19,170,3596996.21,3016398.92,3921379.28,3161810.05,128.3188839835355,33360.43558868657,0.7975379181418383
remove_low_importance,C,2021-06-20,171,3113780.62,2502341.31,3662075.46,2686560.48,129.49069251208832,35192.20894302942,0.7920830757017541
remove_low_importance,C,2021-06-21,172,3454322.45,2831163.45,4194273.84,3203201.79,135.00150741850433,34487.75456239761,0.8016355822432251
remove_low_importance,C,2021-06-22,173,3814525.81,3072656.32,4273717.32,3164890.92,140.09334386809564,34934.81791828736,0.8161544076660665
remove_low_importance,C,2021-06-23,174,5129834.24,4258385.56,4373175.17,3532204.46,150.61798075890897,34770.111817366036,0.8453007010634357
remove_low_importance,C,2021-06-24,175,5015283.26,4491924.42,5024300.55,4194080.36,163.4486516091181,36087.32368385751,0.8603541265742711
remove_low_importance,C,2021-06-25,176,3255836.16,2807033.14,4999174.93,4209544.15,153.93113296937022,35332.44047521427,0.8895571347369449
remove_low_importance,C,2021-06-26,177,3202321.56,2946230.91,4330599.01,3748210.33,152.22010222542048,32039.827259918213,0.8896969560539376
remove_low_importance,C,2021-06-27,178,3938214.81,3832008.26,4831280.86,4101384.97,162.84043341856952,30948.6824263277,0.952058442551659
remove_low_importance,C,2021-06-28,179,4255543.96,4082242.05,5576845.88,4719835.63,202.18262278302967,30378.017238138822,0.918709564286214
remove_low_importance,C,2021-06-29,180,5907160.01,5911751.11,7602593.62,6380169.46,285.50470791168846,28591.060620888904,0.9011562066686924
remove_low_importance,C,2021-06-30,181,5094915.79,4949985.1,6709182.54,5959007.95,280.78620216470625,28407.449513584626,0.9072422426626472
remove_low_importance,C,2021-07-01,182,4975867.15,5024857.74,6593601.73,5433704.03,254.54128114044198,25650.643216544377,0.9289982666183845
remove_low_importance,C,2021-07-02,183,4397949.68,4326458.07,5745714.66,4913541.09,229.86514239267677,29551.54118011561,0.8923415964369177
remove_low_importance,C,2021-07-03,184,3132513.38,3101143.37,5776670.69,4587701.3,223.5871354877322,28179.52044052574,0.8999644747598823
remove_low_importance,C,2021-07-04,185,730601.15,647312.84,2007427.25,1580687.38,122.13923496829436,33240.36152769251,0.8810650506861053
remove_low_importance,C,2021-07-05,186,1878817.85,1927429.12,1864080.09,1579691.32,79.7406456192637,24609.794997613186,0.8890844646377523
remove_low_importance,C,2021-07-06,187,1616214.16,1626948.22,1911225.76,1718404.58,91.52451310975154,32187.53161664904,0.9199968774350704
remove_low_importance,C,2021-07-07,188,1741509.6,1715092.93,2416491.81,2158560.54,100.04662066065714,25090.46379302449,0.9540577081782262
remove_low_importance,C,2021-07-08,189,2563149.38,2518109.42,2368029.29,2103632.96,119.07069801335537,27103.394654156808,0.9337155585175141
remove_low_importance,C,2021-07-09,190,2685812.87,2706650.91,2773172.55,2554299.52,127.79173868175852,26045.133882973754,0.9444622190525327
remove_low_importance,C,2021-07-10,191,2524108.8,2448068.41,2586548.78,2324540.34,141.60157900095982,29872.91932676621,0.9610094452838362
remove_low_importance,C,2021-07-11,192,2592712.85,2553763.2,3012615.21,2614332.27,142.29297956199866,21080.93058540423,0.9345250348916709
remove_low_importance,C,2021-07-12,193,3123873.5,3108780.0,2724328.39,2287156.14,127.58192523044693,24710.627112293772,0.9080650183042689
remove_low_importance,C,2021-07-13,194,2650746.43,2549076.58,3029483.29,2311423.36,120.18672258830689,23639.92504489438,0.8719853189753883
remove_low_importance,C,2021-07-14,195,2970833.54,2785803.91,2862258.78,2393387.7,125.58892137132257,27477.35717383881,0.8950665700825131
remove_low_importance,C,2021-07-15,196,3628282.86,3639556.87,3446433.47,2804635.87,140.8473203316485,26876.015211992646,0.9094098750959954
remove_low_importance,C,2021-07-16,197,2768513.94,2780496.25,3616812.71,2842286.92,148.5299498555066,27866.972841129875,0.8859957679614605
remove_low_importance,C,2021-07-17,198,2453122.24,2399937.97,3958819.82,3060840.26,147.30620793370906,27729.959051909915,0.8905373791785434
remove_low_importance,C,2021-07-18,199,2827723.47,2930478.35,3242872.46,2656341.14,154.0684180662252,28229.601012288786,0.8826120761385172
remove_low_importance,C,2021-07-19,200,2859598.56,2696150.18,3568041.22,2658503.07,153.1945399603494,26026.80218283485,0.8989236174750692
remove_low_importance,C,2021-07-20,201,3389960.06,3045138.98,3535360.78,2641099.75,142.95226185954613,30369.52362834555,0.8578308912598644
remove_low_importance,C,2021-07-21,202,3336465.66,2928248.05,4186278.76,2763401.59,146.65508288227238,32388.66068844766,0.8027296773905248
remove_low_importance,C,2021-07-22,203,4388007.92,3796262.13,4576361.68,3091884.6,162.45742887001828,34122.57791115743,0.7959168696538246
remove_low_importance,C,2021-07-23,204,4385215.41,3753800.99,4537306.49,3165905.78,167.83562000321044,34399.482700035835,0.8050577240719818
remove_low_importance,C,2021-07-24,205,2294305.45,1930929.33,4218453.7,3216342.81,176.63430143581263,34359.07289666718,0.8038515132493398
remove_low_importance,C,2021-07-25,206,2549303.61,2173412.06,5100348.96,3193441.17,180.3922948842431,31800.851466129643,0.8042529470824273
remove_low_importance,C,2021-07-26,207,3676952.36,2918564.14,4776594.5,3033443.51,174.5810605832845,32997.232426042254,0.8057464939195667
remove_low_importance,C,2021-07-27,208,3460197.23,2857159.07,4584582.41,2892772.51,177.98431230098075,34323.90709621527,0.8091632025364626
remove_low_importance,C,2021-07-28,209,4046860.27,3235448.81,4726067.73,3149633.2,158.88257806710715,32507.99300868167,0.8204539655031737
remove_low_importance,C,2021-07-29,210,5547857.68,4566302.38,5327685.49,3939931.61,171.94015791081063,33677.902722289466,0.8714013710965332
remove_low_importance,C,2021-07-30,211,6548042.77,6322433.77,5356858.53,4229236.51,196.68981988854688,32360.308371918592,0.912141194344412
remove_low_importance,C,2021-07-31,212,5256382.47,5446793.9,7047255.08,5766371.49,236.35270419280803,31090.47526844054,0.90004957368649
remove_low_importance,C,2021-08-01,213,3652376.75,4109973.08,6572985.65,5693355.21,237.12618140131534,28941.717451697816,0.9111287341096319
remove_low_importance,C,2021-08-02,214,4399616.65,4886236.3,4818738.15,4607044.82,235.79658137778105,27086.737957169644,0.9721688875820242
remove_low_importance,C,2021-08-03,215,2422462.49,3359505.36,3841207.55,3846075.95,231.53977696759512,21960.213942935294,1.091254629370245
remove_low_importance,C,2021-08-04,216,1157658.1,1697391.73,3160596.92,3206194.53,213.59623004018187,18288.887282954038,1.0961635721207985
remove_low_importance,C,2021-08-05,217,1482037.52,2026425.65,2035369.95,1748596.34,85.62757080298148,18611.516744753528,1.1081746137143558
remove_low_importance,C,2021-08-06,218,1591502.8,2374360.64,2172568.97,2112075.02,88.32608151227508,27159.986047249455,0.9877118641240517
remove_low_importance,C,2021-08-07,219,1632328.25,2336736.46,1808029.0,2088692.61,90.26299456852949,26778.026037827207,1.069733916071487
remove_low_importance,C,2021-08-08,220,1411882.22,1918090.72,1673190.17,2002435.68,95.35451376556185,19526.012485348343,1.2946462115993072
remove_low_importance,C,2021-08-09,221,1376421.76,2167285.81,1549350.34,2056696.38,99.5858745794998,21805.620534743168,1.2889567191420217
remove_low_importance,C,2021-08-10,222,1581357.61,2246981.07,1912559.88,2247841.66,93.91044896628736,19965.269929932365,1.3976485898811544
remove_low_importance,C,2021-08-11,223,1740229.21,2604985.61,1746981.77,2314978.09,104.12878502046159,21663.3554019346,1.290354088891104
remove_low_importance,C,2021-08-12,224,2480973.68,3548924.53,1638185.73,2345650.85,103.41845707982638,17842.077022278787,1.3903343135890909
remove_low_importance,C,2021-08-13,225,2199306.57,3444159.74,1640754.91,2270245.33,90.12611226128179,20288.889081277135,1.3880107996009179
remove_low_importance,C,2021-08-14,226,1494099.71,1993428.41,1703891.76,2396461.73,99.98170415143542,19282.423895671396,1.3799319958766323
remove_low_importance,C,2021-08-15,227,1862118.62,2645589.05,1693947.11,2347989.16,83.44426637668559,19164.226389097323,1.3767963790448121
remove_low_importance,C,2021-08-16,228,2220064.67,3319453.91,1687060.8,2465166.03,97.46198212972998,20874.22149848379,1.3355187888154925
remove_low_importance,C,2021-08-17,229,2263302.37,3320429.89,1697865.45,2547053.61,97.79848287462367,18739.879254483403,1.3514176247212024
remove_low_importance,C,2021-08-18,230,1875383.97,2630473.94,1729053.73,2258108.32,109.22584967671442,20120.053582445766,1.3274688056735289
remove_low_importance,C,2021-08-19,231,2535597.13,3644326.12,1965858.89,2401466.54,129.2050691303725,18520.802410929504,1.3360288334341859
remove_low_importance,C,2021-08-20,232,2553183.49,3860236.79,1812044.57,2402576.81,113.00612710349485,18435.51043994895,1.2341393521035364
remove_low_importance,C,2021-08-21,233,1453356.23,2098001.94,2018055.3,2544883.34,104.017775001694,19739.86740318623,1.3536729764061683
remove_low_importance,C,2021-08-22,234,1640268.07,2295711.5,2451029.77,2668826.5,94.0629824166372,20883.53979369988,1.3618635285035054
remove_low_importance,C,2021-08-23,235,1883869.71,2626041.33,1843932.28,2408484.85,95.80443032421384,26028.68644307189,1.2892710612521907
remove_low_importance,C,2021-08-24,236,1836322.27,2808012.6,1941319.77,2445667.93,101.99489198449376,20907.344032190038,1.3617419035436757
remove_low_importance,C,2021-08-25,237,1939866.54,2821994.79,1676928.57,2257246.21,113.60187067692871,20200.785636041455,1.338197975071798
remove_low_importance,C,2021-08-26,238,1886569.08,2959216.09,2020864.1,2549573.9,113.77252101757065,18954.852715435238,1.352517955415569
remove_low_importance,C,2021-08-27,239,1662732.77,2371412.62,2401863.57,2787279.39,121.7781285359399,19620.462053891166,1.3241791295209207
remove_low_importance,C,2021-08-28,240,1664938.51,2453257.65,4150417.73,4644273.29,198.9349271840611,18229.222925695205,1.242805377090194
remove_low_importance,C,2021-08-29,241,4443078.33,6342118.62,5594639.13,5961632.3,248.91856158676012,20232.625966535146,1.2321519377587928
remove_low_importance,C,2021-08-30,242,3996164.3,5499176.03,5977502.8,6162167.34,235.04647069006057,22853.41711328966,1.101394537151295
remove_low_importance,C,2021-08-31,243,3940957.44,5240978.22,5449105.6,6067075.77,217.91143351699264,24954.776176218325,1.0881574107956395
remove_low_importance,C,2021-09-01,244,3579634.39,4583108.31,6005916.65,6078225.4,193.91552065026258,30098.37365232398,1.2256982742297065
remove_low_importance,C,2021-09-02,245,3917618.96,4722341.9,3105722.15,2392522.13,119.19825147668209,29381.95073688421,0.995943346501384
remove_low_importance,C,2021-09-03,246,1070973.42,1003268.02,2056670.13,1712178.5,68.03039735988575,31111.76717569885,0.9106341336923351
remove_low_importance,C,2021-09-04,247,1839742.83,1710231.68,1975477.78,1710618.89,47.44314610494121,36037.36708726465,0.9034929335548503
remove_low_importance,C,2021-09-05,248,1682890.37,1626164.36,1645345.19,1591104.73,53.934278979163224,30970.954909655946,0.9395996332751819
remove_low_importance,C,2021-09-06,249,2097434.58,1931198.13,2021088.89,1924110.71,63.92653086142303,35343.15004702139,0.9846918763719432
remove_low_importance,C,2021-09-07,250,2244132.38,1986738.71,2247658.85,1901753.32,74.40209218248918,35029.86689765625,0.959644163623169
remove_low_importance,C,2021-09-08,251,3716975.63,3437593.72,2453754.42,1867758.05,76.04825376305274,35524.3982314384,0.8584432086316891
remove_low_importance,C,2021-09-09,252,2187074.96,2082447.03,2035292.44,2065053.36,84.92052832136604,33479.64007347772,0.8968634831025102
remove_low_importance,C,2021-09-10,253,1980857.12,1821707.08,2235507.03,2071347.06,82.66764727832648,33346.9705673469,0.9084598481355577
remove_low_importance,C,2021-09-11,254,1547495.48,1455524.4,2145830.0,1976484.75,75.46886366768166,33251.85382673046,0.9018066682159758
remove_low_importance,C,2021-09-12,255,2102573.99,1909199.54,2468207.29,2207487.23,69.98530928196699,33533.86060864059,0.9081230775436815
remove_low_importance,C,2021-09-13,256,2488502.06,2265837.09,2226683.93,2163294.8,86.31719625344218,34770.53065690333,0.9085124408240755
remove_low_importance,C,2021-09-14,257,2715006.68,2532491.32,2505012.46,2314015.79,94.01028678379215,33460.06901657033,0.9224042891138333
remove_low_importance,C,2021-09-15,258,3275643.47,3007258.03,2225394.85,1901113.72,79.16261719308919,33813.64039229602,0.8940227255117561
remove_low_importance,C,2021-09-16,259,1853200.26,1657780.29,2182517.44,1844574.9,69.40138839426369,34160.25638309892,0.896773888235926
remove_low_importance,C,2021-09-17,260,2031900.2,1889074.28,1962501.43,1890980.96,63.32276430048179,31132.50905869692,0.8586779148191583
remove_low_importance,C,2021-09-18,261,1910747.73,1785651.61,2081499.6,2021887.32,66.40491740536869,34419.45738933642,0.9257913380271232
remove_low_importance,C,2021-09-19,262,1952437.84,1794752.16,1942490.56,1991315.45,63.20176391772429,32122.53416452807,0.9287772745522178
remove_low_importance,C,2021-09-20,263,2307149.39,2140377.91,2348863.52,2202578.91,68.04959442577702,31599.115265465865,0.9300988744398979
remove_low_importance,C,2021-09-21,264,3210995.34,2839955.92,2507573.42,2419637.21,87.25269914506299,34272.66443854725,0.9616264274884936
remove_low_importance,C,2021-09-22,265,2518917.94,2299264.05,2339360.03,2154600.81,82.59506348168519,34562.60357125959,0.9353509686350117
remove_low_importance,C,2021-09-23,266,2220736.52,2001371.7,2324032.76,2131719.24,81.50734841294546,33935.08360193042,0.9403922941252407
remove_low_importance,C,2021-09-24,267,2008968.22,1790130.16,2168804.46,2056068.91,80.6386251584854,32778.248418123374,0.9100485947706791
remove_low_importance,C,2021-09-25,268,2281967.32,2112780.84,2371411.7,2292013.13,79.46337596970459,34799.81637527459,0.913319183190495
remove_low_importance,C,2021-09-26,269,1602075.57,1461503.99,2719985.92,2474032.51,83.92351298857592,33170.11104468645,0.9466553160400437
remove_low_importance,C,2021-09-27,270,3058684.14,2864098.57,3513252.84,3152495.12,116.30285616932233,33151.194306827645,0.897521211028208
remove_low_importance,C,2021-09-28,271,4749132.81,4287087.43,4493263.87,3615080.83,133.05305438641437,30094.942613982053,0.895399604336327
remove_low_importance,C,2021-09-29,272,3184253.74,2793067.38,3595839.75,2904850.04,134.83532159724317,31736.977185826207,0.8388903877412486
remove_low_importance,C,2021-09-30,273,3504126.92,3102295.47,3272162.26,2689541.02,122.34788989450811,33001.38140944831,0.8315562841663371
remove_low_importance,C,2021-10-01,274,2465559.4,2269641.63,2989624.63,2095344.65,93.83676367200043,33092.37352642218,0.8180632732431272
remove_low_importance,C,2021-10-02,275,2584886.96,2309451.71,2057153.72,1500844.57,57.697011697710494,35536.75269501566,0.8012130889961919
remove_low_importance,C,2021-10-03,276,920334.15,789349.71,1552656.21,1109018.19,34.627785889656444,34933.33700278729,0.8104714331566085
remove_low_importance,C,2021-10-04,277,1043382.83,864297.5,1434621.98,1127970.92,51.13364934443186,35851.44186630762,0.7988667112015506
remove_low_importance,C,2021-10-05,278,1440909.2,1238586.01,1644982.98,1228188.27,53.42319911721437,31373.863918036546,0.7847610233120403
remove_low_importance,C,2021-10-06,279,1793088.31,1465294.6,1712244.24,1365187.74,57.23013740487143,34003.20619194587,0.8039305712245652
remove_low_importance,C,2021-10-07,280,1826196.69,1497790.82,1745172.78,1362907.32,65.47262228221321,32855.08770014042,0.7956978779136334
remove_low_importance,C,2021-10-08,281,1613264.94,1325310.58,1859276.17,1474446.61,63.47457686752598,34003.127086260465,0.8006300083830009
remove_low_importance,C,2021-10-09,282,1794510.68,1447840.15,1872532.24,1470892.98,52.849429227990406,33294.513482032846,0.8106152398609692
remove_low_importance,C,2021-10-10,283,1883117.98,1559914.53,1875438.17,1446352.91,55.310894300125625,37144.14194365346,0.7889712612402351
remove_low_importance,C,2021-10-11,284,2300450.29,1848634.77,1876977.77,1461059.08,47.46636885793745,35308.218196102796,0.806949468100788
remove_low_importance,C,2021-10-12,285,1567144.44,1334199.42,1864354.95,1543799.41,52.26288362740915,32178.026571678063,0.8090734441607967
remove_low_importance,C,2021-10-13,286,1918678.27,1624278.45,1954565.79,1776440.06,58.18134284540803,34184.885299820104,0.8066669568505034
remove_low_importance,C,2021-10-14,287,2148334.67,1733671.89,1887162.05,1439301.8,63.374084630004546,32264.877440130957,0.7927070373456135
remove_low_importance,C,2021-10-15,288,1900056.41,1665667.16,1873915.0,1504565.07,55.87686990284147,33412.48255559922,0.8058195024456936
remove_low_importance,C,2021-10-16,289,2106301.79,1750771.11,1876586.19,1557210.83,51.52342283970657,33008.23638518851,0.7966990412531889
remove_low_importance,C,2021-10-17,290,2495144.25,2124471.09,1894322.19,1554566.07,49.014926101549094,35040.48798729205,0.7830502848053693
remove_low_importance,C,2021-10-18,291,2029589.44,1714394.15,1728741.74,1464912.93,54.53763335683706,32429.530091880803,0.7874204867766577
remove_low_importance,C,2021-10-19,292,1794195.22,1443278.64,1811636.77,1678023.08,55.775494909686,34146.77829214071,0.8196289589530896
remove_low_importance,C,2021-10-20,293,2748359.42,2249708.28,1849149.69,1616785.98,61.70021755686229,35194.75557056145,0.8374035928159889
remove_low_importance,C,2021-10-21,294,1715238.6,1425166.31,1751506.29,1464447.49,64.34402133680562,34993.13753789511,0.8235143304426946
remove_low_importance,C,2021-10-22,295,2513749.87,2045877.61,1921006.52,1531343.01,56.937570022217024,35501.984456903774,0.8077354667353249
remove_low_importance,C,2021-10-23,296,1853822.02,1521941.02,1897695.08,1375175.25,61.20511491893472,32943.03247938628,0.7957486911913514
remove_low_importance,C,2021-10-24,297,2201542.06,1879343.83,2072053.06,1477065.56,62.03386813119407,34205.774204793546,0.7919541816030864
remove_low_importance,C,2021-10-25,298,2021989.32,1646748.37,1979212.91,1682884.78,61.692970458614,35585.690662468805,0.8072803326620628
remove_low_importance,C,2021-10-26,299,2162674.08,1776598.49,2285381.9,1850771.78,71.74440587309306,34797.81736461353,0.7939104284240828
remove_low_importance,C,2021-10-27,300,2151921.73,1803290.61,2559444.13,1952676.72,83.88239656672206,33418.91829976781,0.8141079885566576
remove_low_importance,C,2021-10-28,301,2489853.45,2036708.17,3106158.07,2421903.15,95.43690187151745,34606.743598376124,0.8189544954195174
remove_low_importance,C,2021-10-29,302,3746325.95,3090953.59,3302052.47,2532512.28,89.0546964770387,34211.744865730994,0.8064424343923662
remove_low_importance,C,2021-10-30,303,3434826.63,2965454.49,3395300.18,2559406.93,79.58558174303947,35671.552476366516,0.8054316838110627
remove_low_importance,C,2021-10-31,304,3026687.11,2545466.76,2847865.26,2219869.47,70.54913826917905,33065.97347597326,0.8029645989168854
remove_low_importance,C,2021-11-01,305,2926691.09,2398381.34,2502651.6,1984610.28,62.02337577648441,33212.36882371763,0.7957889223116783
remove_low_importance,C,2021-11-02,306,3072730.67,2536221.43,1850349.27,1331637.64,43.28154829125559,37054.794727145905,0.8115454730790908
remove_low_importance,C,2021-11-03,307,1262904.96,1055921.75,1000049.97,879705.12,35.403304568675594,36304.700012006506,0.8004589531030486
remove_low_importance,C,2021-11-04,308,1344901.28,1136391.76,1548440.34,1093153.1,47.57338898317124,33861.852496103704,0.8146772397456679
remove_low_importance,C,2021-11-05,309,1257605.18,1084704.98,1102205.55,798294.53,35.743893471273786,34912.49766046898,0.8140534860320054
remove_low_importance,C,2021-11-06,310,2093872.9,1714441.6,1367660.4,904551.96,35.759197017112264,33410.339073378316,0.7972736525233115
remove_low_importance,C,2021-11-07,311,942802.49,782264.44,1242967.78,998735.6,44.009009493409785,36956.509320472076,0.8150081214586593
remove_low_importance,C,2021-11-08,312,2064680.43,1687466.21,1581251.08,1167048.78,45.5983675206372,37067.41385081319,0.8073011897218381
remove_low_importance,C,2021-11-09,313,2462296.67,2100076.52,1545506.3,1243056.28,56.62397501828248,37181.044744342566,0.7995379187149743
remove_low_importance,C,2021-11-10,314,1774844.23,1518855.62,1558171.96,1252799.76,56.45152606181956,34932.35267239909,0.8001472973775958
remove_low_importance,C,2021-11-11,315,1412638.65,1123822.69,1679632.35,1401159.28,52.506170610572546,33876.763062805054,0.8199534727565425
remove_low_importance,C,2021-11-12,316,1777590.33,1460783.5,1608496.65,1207061.12,54.94414549079122,31995.548178158166,0.8100154750699011
remove_low_importance,C,2021-11-13,317,1291079.97,1073274.92,1599372.07,1365070.34,47.43777935391522,32360.38504298585,0.8049728048994937
remove_low_importance,C,2021-11-14,318,1228705.01,1065683.97,1533481.08,1300077.0,54.1735682402352,34205.37920615414,0.7905875612781799
remove_low_importance,C,2021-11-15,319,1206377.91,983743.19,1577560.16,1354885.05,53.47113057451497,35357.87837526374,0.7981286456779368
remove_low_importance,C,2021-11-16,320,2106714.51,1725304.97,1526376.5,1373114.17,52.500468191035814,37176.09824276637,0.8185110185330424
remove_low_importance,C,2021-11-17,321,1531889.09,1349321.43,1547885.3,1283040.69,58.654317767098135,35208.705502657394,0.8124778228846352
remove_low_importance,C,2021-11-18,322,1661241.07,1433114.76,1291464.16,1269345.94,56.76326567530509,33685.978006922924,0.8258294816624416
remove_low_importance,C,2021-11-19,323,1253389.32,1095039.04,1340756.63,1356810.03,52.40553685630782,28843.981468877973,0.9184722902844638
remove_low_importance,C,2021-11-20,324,1071404.44,1040227.2,1353880.07,1423590.84,51.696188724368,32313.756300994206,0.94291198090527
remove_low_importance,C,2021-11-21,325,1222908.7,1238315.19,1237314.61,1251865.67,50.84110383116247,26592.7538025543,0.9913911252996144
remove_low_importance,C,2021-11-22,326,1558297.56,1613383.51,1318169.65,1336858.55,50.079846708370354,25576.637781438843,1.027367517351626
remove_low_importance,C,2021-11-23,327,1613168.79,1629011.23,1202071.68,1205020.78,49.878690574405354,25744.43550421534,1.0399019835403038
remove_low_importance,C,2021-11-24,328,1665269.85,1709718.17,1043842.87,1020623.68,44.78616880596929,26409.959817829353,1.0271882831763541
remove_low_importance,C,2021-11-25,329,1278003.36,1305823.05,1045614.54,1059970.04,45.25505670958888,25599.700663834028,1.022387097254105
remove_low_importance,C,2021-11-26,330,970756.2,1019443.98,1159150.34,1164343.81,53.2032745947919,23893.765573585264,1.0175441087984218
remove_low_importance,C,2021-11-27,331,1407280.07,1519826.79,1988886.59,1901772.03,63.80129393910187,26023.773974029365,1.010820979168641
remove_low_importance,C,2021-11-28,332,2359645.42,2324536.28,1667609.17,1756336.66,67.87185269841915,25329.225069778375,1.0224312038086998
remove_low_importance,C,2021-11-29,333,1830856.99,1894919.03,1671153.57,1648830.37,72.1131202576092,22584.451750700675,1.0066782858097665
remove_low_importance,C,2021-11-30,334,2987950.32,3045686.15,1508604.48,1624199.65,63.21532656842541,20427.76115958429,1.0175140484385863
remove_low_importance,C,2021-12-01,335,1881588.13,1920538.46,1167466.92,1174020.67,54.653829308548644,20478.144627706908,1.1512650695862612
remove_low_importance,C,2021-12-02,336,1911470.99,1996362.17,653685.51,655726.33,25.153368608812762,19631.544069343094,0.9960468160309681
remove_low_importance,C,2021-12-03,337,586748.17,626899.33,532776.86,582800.42,23.47407389821219,24696.315572886728,0.9577992961453927
remove_low_importance,C,2021-12-04,338,819389.63,787101.35,590305.66,615962.51,25.52836033871781,23901.697111862206,1.0814233240030866
remove_low_importance,C,2021-12-05,339,1101768.07,1082761.55,573981.67,586792.54,25.461852773938933,23037.826090741237,0.9938632686740745
remove_low_importance,C,2021-12-06,340,1167887.5,1132700.46,697221.05,637365.79,31.695984011090083,22235.78524759003,0.9867191482454885
remove_low_importance,C,2021-12-07,341,708706.53,724333.47,882890.67,841749.14,37.84882131952205,21495.176123462625,0.9909121303839616
remove_low_importance,C,2021-12-08,342,919265.14,968146.91,902849.61,1047027.19,45.10766589145042,19376.904438875703,1.0187241841373278
remove_low_importance,C,2021-12-09,343,999032.78,1047782.72,942910.47,874769.31,44.092464353993236,19521.596846514003,1.1536417174776132
remove_low_importance,C,2021-12-10,344,1214991.34,1243394.6,870226.79,778219.21,39.972471679997,20925.114157902965,1.0016212306045267
remove_low_importance,C,2021-12-11,345,948995.31,997983.77,993546.03,927752.46,42.75497425519375,21330.153719951853,0.9753758801212433
remove_low_importance,C,2021-12-12,346,1285064.15,1307106.22,1112312.21,1075796.32,55.25421770243614,21468.343566462485,1.0477804748172224
remove_low_importance,C,2021-12-13,347,1112918.62,1168775.11,1117325.45,1065002.39,61.22125779281479,19874.11450208112,1.0469145956126975
remove_low_importance,C,2021-12-14,348,1821860.68,1884666.84,1553884.75,1323593.0,64.3277818101112,18790.11187767203,1.0334466468983456
remove_low_importance,C,2021-12-15,349,1773908.51,1816537.46,1403632.55,1324378.32,60.573125117258115,19629.866712981202,0.9245685061850606
remove_low_importance,C,2021-12-16,350,1771984.63,1846296.05,1112753.32,1198965.61,57.40529267068183,21315.798972975706,0.9916033612174808
remove_low_importance,C,2021-12-17,351,1463605.82,1523555.95,1031362.88,1209107.62,46.60685960968366,19031.599824987086,1.1351027249700176
remove_low_importance,C,2021-12-18,352,1214550.47,1217310.4,1158188.63,1399863.65,48.34644481883542,23409.320126951094,1.217632643497239
remove_low_importance,C,2021-12-19,353,1546435.59,1510053.63,1411522.79,1543078.12,58.531909989670105,20908.081416728342,1.2007949784068832
remove_low_importance,C,2021-12-20,354,1676753.39,1642291.41,1657614.4,1772937.57,76.10690730342098,19381.2122183012,1.1669563041159283
remove_low_importance,C,2021-12-21,355,2017237.85,2127476.27,1703016.08,1880320.23,95.26707722848934,20101.418901944184,1.065487569255696
remove_low_importance,C,2021-12-22,356,2327738.57,2283587.28,1437329.74,1714472.55,86.79608218990562,17510.512765935615,1.1420722872145839
remove_low_importance,C,2021-12-23,357,2415914.18,2480623.5,1284543.16,1549759.29,64.4410715150568,17440.419685182256,1.118888340747806
remove_low_importance,C,2021-12-24,358,1448810.25,1505101.29,1229232.57,1308466.16,53.899577589960884,19167.08139976705,1.0875399102142889
remove_low_importance,C,2021-12-25,359,1120986.7,1156338.1,1257708.25,1387613.66,56.433962186778466,20057.886860499228,0.9819218319997987
remove_low_importance,C,2021-12-26,360,1317218.46,1338753.3,1196715.73,1377369.16,61.46471730107778,20260.120486987093,1.074412294913814
remove_low_importance,C,2021-12-27,361,1025037.51,986082.95,1651785.22,1775784.17,71.56912993090877,18847.70711863393,1.14331615060967
remove_low_importance,C,2021-12-28,362,1855064.19,1847193.9,3154986.99,3351503.7,112.61256817350477,20522.261157785157,1.1326165966098718
remove_low_importance,C,2021-12-29,363,4065184.9,4208667.7,3257066.07,2994161.86,115.68461021781114,25574.18146641189,0.9995145845802693
remove_low_importance,C,2021-12-30,364,3842586.5,3948015.94,2644382.75,2591669.98,94.44698088971334,25891.44834048797,1.00799016707846
remove_low_importance,C,2021-12-31,365,3041203.79,3121467.33,2359667.2,2360417.62,71.88385435001062,25571.327783325138,1.042392001379154
remove_low_importance,C,2022-01-01,366,2932155.47,3019583.5,1395648.77,1512660.89,46.14045307000296,28254.177620417744,0.9705611231595532
remove_low_importance,C,2022-01-02,367,2361965.0,2368851.11,521938.09,504451.1,20.439615963317824,32660.737440730663,0.9464618829082563
remove_low_importance,C,2022-01-03,368,545563.72,476501.31,528268.87,443963.57,21.05071299570686,31040.952738540134,0.8516267153394548
remove_low_importance,C,2022-01-04,369,1242319.38,1057834.07,531688.25,426362.02,23.374868416921807,31930.357281403205,0.7823590504773219
remove_low_importance,C,2022-01-05,370,809977.6,684605.3,553934.34,436937.25,25.40255779494704,29841.824174737183,0.7918942468478405
remove_low_importance,C,2022-01-06,371,993048.62,827696.4,559762.89,434937.3,25.194898319381547,27913.462927648954,0.7970051095662187
remove_low_importance,C,2022-01-07,372,1294963.64,1109631.82,545971.41,463264.68,24.05811970317943,31331.434207623584,0.8230804486940659
remove_low_importance,C,2022-01-08,373,1641747.05,1369252.03,568183.43,487214.55,23.72796791197042,32068.954113776457,0.807265437698907
remove_low_importance,C,2022-01-09,374,1706485.37,1491356.56,637498.9,531615.63,24.004737977607633,31552.66920055303,0.8144523554917904
remove_low_importance,C,2022-01-10,375,2569113.21,2158709.88,891909.56,701464.74,27.61410679989062,30056.7921906713,0.7826859950148135
remove_low_importance,C,2022-01-11,376,1640806.35,1336967.26,953937.67,811335.48,24.837440243772484,33778.02400805652,0.7900964704406481
remove_low_importance,C,2022-01-12,377,1775526.5,1506945.6,891134.65,632549.76,24.719436221685964,31255.855803729635,0.7824821430083773
remove_low_importance,C,2022-01-13,378,1173172.99,946254.56,759022.94,728557.46,24.706579831374974,30495.13401513869,0.8187648599815789
remove_low_importance,C,2022-01-14,379,1548726.82,1300219.1,768784.85,708039.24,24.493367533056762,29952.368333510996,0.86766814763095
remove_low_importance,C,2022-01-15,380,1461990.71,1263054.33,827618.04,765184.6,24.12426649677452,32043.497284969737,0.8291063268930854
remove_low_importance,C,2022-01-16,381,2064339.13,1781850.02,835950.88,648214.22,24.18270257477606,32167.026081604028,0.8355760912151433
remove_low_importance,C,2022-01-17,382,1621773.2,1340632.16,935208.32,884104.43,24.176899710099374,33375.896543987335,0.7999169206545407
remove_low_importance,C,2022-01-18,383,1861205.18,1606509.55,957511.74,802096.7,24.64334502486349,34701.41163885396,0.8829592730859546
remove_low_importance,C,2022-01-19,384,2020862.53,1738187.82,985825.28,705427.08,25.73203982024831,35252.02299881999,0.8038112741483208
remove_low_importance,C,2022-01-20,385,1249233.56,1043117.49,879603.88,703880.11,26.364506529314696,34242.59460946959,0.7980916764643617
remove_low_importance,C,2022-01-21,386,1580948.85,1245282.02,990531.91,805223.73,30.02776928197865,34177.04728573554,0.807882234745593
remove_low_importance,C,2022-01-22,387,1758593.8,1468639.94,1119030.48,945049.51,26.89937954510082,36032.87835850646,0.8108888829279002
remove_low_importance,C,2022-01-23,388,1785338.17,1512426.38,1247103.5,1163595.3,31.353346768667343,31912.705297121876,0.796415249391593
remove_low_importance,C,2022-01-24,389,1915906.28,1601822.71,1538280.95,1269006.55,38.803498698431454,35119.89026944999,0.8688279001345625
remove_low_importance,C,2022-01-25,390,2471179.3,1957064.07,1344788.98,1067696.58,45.05099041906741,33220.1194035826,0.8126755579355025
remove_low_importance,C,2022-01-26,391,2278973.82,1903209.07,1655716.24,1180312.21,47.347918104371615,35793.30196862157,0.8129919772643082
remove_low_importance,C,2022-01-27,392,1604489.99,1290075.13,1721048.38,1378315.26,55.33540336876041,31121.127169022344,0.8058429583435482
remove_low_importance,C,2022-01-28,393,2792317.48,2306948.5,2290691.54,1836320.31,52.71737939011261,32104.486148349017,0.7917341993312599
remove_low_importance,C,2022-01-29,394,3897632.5,3247780.03,1972098.02,1835488.04,48.804151028066954,31865.75646397871,0.8385736814375038
remove_low_importance,C,2022-01-30,395,3903300.55,3262713.48,1651914.08,1706931.47,44.66426056880394,31018.360766124337,0.8650659605390438
remove_low_importance,C,2022-01-31,396,3159829.55,2627738.4,1330527.72,1470030.47,38.86606268532816,32991.46046454075,0.8774293965427666
remove_low_importance,C,2022-02-01,397,3672475.88,3092119.13,862011.85,1000662.91,33.52042552241904,35642.71427250065,1.0264149343938547
remove_low_importance,C,2022-02-02,398,3072419.17,2457270.01,666134.77,628089.86,24.06961771473982,33969.556497180034,1.0298386646568196
remove_low_importance,C,2022-02-03,399,1056919.3,915391.24,558348.66,498280.64,22.911679977284262,31630.2722029007,0.8910769603164128
remove_low_importance,C,2022-02-04,400,1135262.35,959597.02,726363.6,569449.23,23.060987120928715,29537.403927237607,0.8137594162781239
remove_low_importance,C,2022-02-05,401,1325806.77,1094262.79,702415.2,679292.33,23.25420926008157,34125.960780755944,0.8015424947603693
remove_low_importance,C,2022-02-06,402,1360544.32,1086414.25,893938.38,952459.46,27.389377127202653,34663.23005962565,0.8849339929392335
remove_low_importance,C,2022-02-07,403,1777072.87,1505671.69,812629.12,997346.53,29.83448061166989,34529.87515024089,0.8750104806523555
remove_low_importance,C,2022-02-08,404,2324022.32,1858719.97,772094.95,820214.17,28.03113035196592,34727.90341920067,1.0076735171049527
remove_low_importance,C,2022-02-09,405,2087968.13,1716217.3,812124.99,691482.94,29.050831033022618,36068.11779419297,0.893430283336476
remove_low_importance,C,2022-02-10,406,1681958.09,1377183.24,905946.26,736539.78,30.23736330955574,33653.11919715162,0.7977943797490594
remove_low_importance,C,2022-02-11,407,1868277.55,1450465.3,1028244.21,852477.33,29.535680521757847,35737.88737723895,0.80538153171847
remove_low_importance,C,2022-02-12,408,2483675.48,2002526.57,1233403.63,1033467.59,30.131159080959534,33493.65808595358,0.8145707462931602
remove_low_importance,C,2022-02-13,409,2471088.82,2037847.39,1459866.04,1179647.41,35.14255661643392,35604.53905228975,0.8175226074321422
remove_low_importance,C,2022-02-14,410,2477651.08,2066561.36,1306781.63,1213844.35,36.33240527370844,30891.024557618937,0.807698148065316
remove_low_importance,C,2022-02-15,411,2911470.49,2304155.38,1303373.65,1118793.11,38.45311225441219,36390.69263600302,0.8452076274021989
remove_low_importance,C,2022-02-16,412,3189077.73,2624063.44,1350128.02,1161426.11,37.96603134190917,33566.13163482838,0.8025231065428731
remove_low_importance,C,2022-02-17,413,2365001.98,1930644.21,1341349.87,1212822.08,39.02684592925125,33821.35756969628,0.8049429300789148
remove_low_importance,C,2022-02-18,414,2218074.92,1902787.38,1646789.26,1516607.18,40.412187859878486,33815.1049079174,0.8365347672345722
remove_low_importance,C,2022-02-19,415,2497284.24,2073056.25,1593099.36,1519756.4,49.75403415479392,35385.12705619771,0.8366780920557964
remove_low_importance,C,2022-02-20,416,3274514.0,2808978.4,1606427.07,1762896.72,57.060712445939565,35718.6077131229,0.8776052837358999
remove_low_importance,C,2022-02-21,417,3231879.49,2662096.96,1644284.81,1854243.36,62.25227904323578,36789.61357918031,0.9870985083604995
remove_low_importance,C,2022-02-22,418,3646117.64,3080342.28,1715435.29,1901941.2,58.718198796988574,32991.45869672708,1.0241270069255082
remove_low_importance,C,2022-02-23,419,3297595.34,2768284.27,2120384.37,1914086.39,54.09524511376718,33626.762963686764,1.010876423045092
remove_low_importance,C,2022-02-24,420,2768850.97,2337359.85,2302382.3,2161617.46,55.47435899170775,32027.209676253846,0.8225357298645863
remove_low_importance,C,2022-02-25,421,2943786.98,2445090.2,2943787.69,2808346.01,70.04318671743773,29389.941302881853,0.8728742698746466
remove_low_importance,C,2022-02-26,422,6304749.98,4896174.07,3066827.8,2773733.18,67.70671818509581,29944.957052337413,0.8823446632680954
remove_low_importance,C,2022-02-27,423,5652340.75,4889448.26,2859008.4,2490647.06,51.352955458219455,29573.56188052266,0.813756494882788
remove_low_importance,C,2022-02-28,424,6007208.86,4942844.92,2011100.41,1787569.84,33.97725451091283,29413.125417502783,0.8255446788799377
remove_low_importance,C,2022-03-01,425,4532724.33,3774772.1,868399.66,794678.49,20.924118640584627,34204.67242134858,0.8445320975917319
remove_low_importance,C,2022-03-02,426,5221766.09,4446394.75,489243.69,452714.95,16.034282976819906,33976.06395520222,0.8466070891793054
remove_low_importance,C,2022-03-03,427,1113577.08,936517.95,659348.06,499326.89,16.051640186154305,31687.721927658724,0.8537575083129323
remove_low_importance,C,2022-03-04,428,1265611.41,1001621.35,975712.03,710245.97,20.077194314645023,30687.629596731593,0.7977501613622981
remove_low_importance,C,2022-03-05,429,1917604.21,1671253.56,1186903.62,1005985.86,28.427205549573333,34113.75587627746,0.7966298648847667
remove_low_importance,C,2022-03-06,430,2406752.08,1881208.83,1229625.24,1112470.47,29.008191691802537,31685.718629863208,0.7903836532783004
remove_low_importance,C,2022-03-07,431,3077438.94,2603663.56,1353594.16,1125302.9,32.38785122488212,30677.211549568998,0.8195269603445785
remove_low_importance,C,2022-03-08,432,3777839.97,3199498.52,1335102.77,1106812.25,36.740635454663554,32768.12317769755,0.8178530577610494
remove_low_importance,C,2022-03-09,433,4138590.91,3354044.48,1517654.73,1324829.87,42.21314738443718,35854.31112019126,0.8228380002617897
remove_low_importance,C,2022-03-10,434,3544992.79,2897669.69,1627527.35,1527480.78,51.32503101087558,35922.66424575359,0.80416001085997
remove_low_importance,C,2022-03-11,435,3499825.21,2868355.02,2048210.97,1808445.38,56.14113429673088,33112.700363900905,0.8581022944311956
remove_low_importance,C,2022-03-12,436,3731020.06,3230097.43,1994144.37,1525362.26,60.02638806426585,33234.35520428163,0.8113326460731116
remove_low_importance,C,2022-03-13,437,4026635.22,3346220.86,2134211.5,1980950.11,62.39641043971679,32936.33616528568,0.7985883797783468
remove_low_importance,C,2022-03-14,438,4709281.9,3928279.43,2724625.5,2337775.48,69.94332704169572,32994.989042212954,0.8414145055985984
remove_low_importance,C,2022-03-15,439,4619237.89,3907599.13,2444088.05,2081574.71,69.18598966569022,32800.09541389254,0.8082493846573593
remove_low_importance,C,2022-03-16,440,4519934.96,3787149.37,2724554.12,1973992.84,72.82252567433686,32847.862073437966,0.7892985914043724
remove_low_importance,C,2022-03-17,441,5222281.22,4421275.88,3001144.01,2639944.6,75.34937313372946,34849.06850691922,0.8227746425566309
remove_low_importance,C,2022-03-18,442,4426435.98,3648313.01,3169482.67,2780638.39,72.86454124884663,33032.06099069999,0.8594567515576117
remove_low_importance,C,2022-03-19,443,4313906.61,3587200.12,3084989.21,2691158.6,74.4269558513272,32778.837171946645,0.864735059958351
remove_low_importance,C,2022-03-20,444,4198964.15,3744253.09,3287278.83,2882164.25,87.15115177595689,36119.58098018106,0.8699633515195293
remove_low_importance,C,2022-03-21,445,4036051.82,3737447.21,3314033.09,3097919.8,103.63772629934851,34919.25622455565,0.9288103834813082
remove_low_importance,C,2022-03-22,446,4626820.15,4342565.79,3367175.79,3179321.4,109.39454204075017,35731.46466263181,0.9754140473083821
remove_low_importance,C,2022-03-23,447,5301842.45,4915987.31,3733079.62,3294956.26,107.89900971431581,32929.30632055438,0.9734238185005144
remove_low_importance,C,2022-03-24,448,5052034.89,4744310.26,3171722.17,3255602.82,109.33922899795412,38686.26925916481,0.9168777185039982
remove_low_importance,C,2022-03-25,449,4122489.22,4014534.97,3684058.84,3652488.57,113.069581144825,36020.32363222316,0.9488584159811773
remove_low_importance,C,2022-03-26,450,4325007.4,4010228.32,3750416.24,3700126.55,111.38590862551807,35527.69295989098,0.9610718206080087
remove_low_importance,C,2022-03-27,451,5169170.11,4775502.11,3962467.82,3958556.84,117.15564939329239,37439.17011769103,0.973750559874321
remove_low_importance,C,2022-03-28,452,4855258.01,4607293.73,3903463.74,3828873.62,128.14501915471268,35635.30285136017,0.9481715778070026
remove_low_importance,C,2022-03-29,453,4908504.49,4613958.54,4391917.5,4248439.9,142.70320705964895,33879.61553816416,0.9596024526397018
remove_low_importance,C,2022-03-30,454,11643208.73,10896036.48,7112904.88,6674939.42,188.8973655769826,33939.74086444935,0.9598275118478925
remove_low_importance,C,2022-03-31,455,9233141.0,8773718.15,7249706.45,6986080.98,223.50448348893872,34756.13470136274,0.9471021617272568
remove_low_importance,C,2022-04-01,456,8299060.74,8041756.19,6473209.78,6190082.12,206.38757565227127,32126.74531907335,0.9621587901825526
remove_low_importance,C,2022-04-02,457,8289456.22,7808017.19,5597435.23,5274919.33,195.23141349182816,34480.508746495056,0.9642917783770426
remove_low_importance,C,2022-04-03,458,6547965.12,6148445.74,5587622.67,4726998.09,172.9989733933508,36693.48255341203,0.9516536612606405
remove_low_importance,C,2022-04-04,459,1974536.55,1802524.97,2094585.2,1880793.33,103.08742516503202,36118.87757895435,0.8956180586237701
remove_low_importance,C,2022-04-05,460,3017582.3,2782222.29,1933818.08,1960713.44,99.0833537134112,25565.17299043592,0.9334104041209568
remove_low_importance,C,2022-04-06,461,2934004.6,2645021.55,1867629.98,2047838.72,106.01374804344584,22722.298265195273,0.9463028649697061
remove_low_importance,C,2022-04-07,462,1947894.58,1833343.52,2104017.48,2337641.19,107.44714824479325,23601.11487237667,1.0702555262324678
remove_low_importance,C,2022-04-08,463,2516364.3,2311523.71,2506987.73,2578355.58,105.41467397054144,26252.17581633424,1.073362565887193
remove_low_importance,C,2022-04-09,464,3523261.24,3380510.41,2541512.74,2709298.51,114.92985909870875,31891.564733603605,1.0060719787335768
remove_low_importance,C,2022-04-10,465,3747690.93,3511278.1,2890664.56,2923080.45,119.61485435101885,32059.21540031416,0.9989388918618443
remove_low_importance,C,2022-04-11,466,4187283.4,3982564.11,3727490.68,3162170.38,122.1160586163644,32397.38137156057,0.9347730115111856
remove_low_importance,C,2022-04-12,467,4300020.35,4061975.74,3943056.36,3166834.23,118.33591333196799,33075.07042731943,0.9113684510792286
remove_low_importance,C,2022-04-13,468,4888627.31,4546028.85,3634699.52,3130357.12,122.26022791280063,35995.65974560059,0.9035585888158768
remove_low_importance,C,2022-04-14,469,4670014.27,4407778.78,4228818.44,3565041.41,128.92051902098498,36125.13039497334,0.9286112954129622
remove_low_importance,C,2022-04-15,470,4908291.49,4288050.23,4296876.79,3495359.66,122.58093386358902,37041.80885248799,0.8539218856418402
remove_low_importance,C,2022-04-16,471,5147946.06,4540748.11,4058402.34,3455457.52,124.78115416532442,36127.44370279059,0.8225855012369807
remove_low_importance,C,2022-04-17,472,4470361.38,3877207.22,4363588.99,3809208.89,126.65428618998942,35417.97672326214,0.826403434614424
remove_low_importance,C,2022-04-18,473,3680888.01,2995894.73,4162626.36,3644274.53,135.61133323827067,34386.506299690656,0.7975477518326932
remove_low_importance,C,2022-04-19,474,4426735.65,3630694.51,4703610.15,3848296.18,128.42958362635065,33385.686835954715,0.8007844585548518
remove_low_importance,C,2022-04-20,475,4874458.71,4017615.85,4103891.8,3554633.43,139.48745318159268,34719.90538602889,0.7745223350797374
remove_low_importance,C,2022-04-21,476,2926459.0,2418771.53,4702812.57,3946591.42,142.49217315407256,35416.09659678753,0.7962822723965639
remove_low_importance,C,2022-04-22,477,4609506.19,3890393.56,4271421.72,3751320.78,146.3667387875179,34872.22955034213,0.7798844023447391
remove_low_importance,C,2022-04-23,478,4709847.04,3925675.06,5111956.76,4142263.51,151.6525117059555,34085.43614280229,0.8059896073784096
remove_low_importance,C,2022-04-24,479,5020542.99,4173556.86,4560533.65,4021195.24,140.11161312851848,36002.474236845635,0.7930972628996489
remove_low_importance,C,2022-04-25,480,4873788.42,3954819.04,4760627.32,4102378.54,138.44695819015826,35707.09317694798,0.7901195758832054
remove_low_importance,C,2022-04-26,481,5688161.6,4770812.83,4382112.94,3997362.4,127.32680697961166,34487.88644736235,0.8012760607436678
remove_low_importance,C,2022-04-27,482,5361513.76,4376745.35,5647010.42,4744009.66,144.20014100739056,33621.64218398421,0.8065592164490283
remove_low_importance,C,2022-04-28,483,5590934.3,4645081.23,6629523.35,5580077.16,169.50001858221938,32727.259851366416,0.778415682273305
remove_low_importance,C,2022-04-29,484,7579535.07,6187238.79,8760395.93,6939193.78,252.51967444293064,36239.716966859,0.8074347905952546
remove_low_importance,C,2022-04-30,485,6592777.23,5405333.92,7328491.06,5681294.91,244.93369852307512,36570.325693048144,0.8023534231046343
remove_low_importance,C,2022-05-01,486,5680859.44,4706859.17,6482923.86,5132806.13,218.40401645092302,33699.890796347376,0.8037452376455387
remove_low_importance,C,2022-05-02,487,4291036.44,3434252.59,5863029.81,4604141.48,184.71656570110213,37790.41572722851,0.7980103837262238
remove_low_importance,C,2022-05-03,488,5504853.65,4531490.74,4271218.73,3656446.8,146.29666137666246,33892.83281633484,0.7941518699405621
remove_low_importance,C,2022-05-04,489,1792730.62,1492900.17,2158207.05,1463729.27,49.84390810689216,32874.98308583207,0.7872021982885142
remove_low_importance,C,2022-05-05,490,3556300.98,2916616.09,1924003.04,1921246.31,48.90966583066758,35625.194293105465,0.7936772332020936
remove_low_importance,C,2022-05-06,491,2532060.94,2027456.78,2232069.4,2108409.66,62.32654512449551,34274.036499435315,0.8574096800278357
remove_low_importance,C,2022-05-07,492,3620303.23,3000039.1,2208411.01,2009012.53,71.93152102298231,36292.93080663785,0.9122144551527902
remove_low_importance,C,2022-05-08,493,2468343.71,1923320.47,2606954.12,2134625.2,80.49980207837747,34831.093807197416,0.8479226517470202
remove_low_importance,C,2022-05-09,494,2985986.67,2430054.67,2522800.03,2108604.03,94.90255526338147,35553.59160987972,0.8057886507354575
remove_low_importance,C,2022-05-10,495,3668495.19,2955983.75,2484882.13,2303820.35,95.73422929666346,32343.447453975794,0.7857612973093904
remove_low_importance,C,2022-05-11,496,4347378.73,3521156.43,2569579.2,2386087.71,81.17925136319656,31137.416918511393,0.8670086947899489
remove_low_importance,C,2022-05-12,497,4753134.02,3878195.49,2875017.82,2614259.12,80.2403165442517,31708.43092394789,0.8346036610037744
remove_low_importance,C,2022-05-13,498,3479131.38,2953956.65,3159164.45,2898625.26,93.89884302061225,34440.94238606999,0.8027533195638692
remove_low_importance,C,2022-05-14,499,4406804.98,3730445.32,3321500.65,2971468.47,98.59256785170213,32513.33965440841,0.8352372082448609
remove_low_importance,C,2022-05-15,500,4455089.7,3604418.84,3627017.26,3113426.67,108.22049057617498,32485.750612878932,0.80721550879553
remove_low_importance,C,2022-05-16,501,4323621.35,3469983.75,3811078.39,3149982.71,123.3623977301944,34381.743952444296,0.8068325181127609
remove_low_importance,C,2022-05-17,502,4158982.96,3363524.3,3990225.01,3229413.74,126.80623385489866,34137.223208378025,0.7862414168515128
remove_low_importance,C,2022-05-18,503,6094171.87,4997123.61,3406877.51,2971863.95,123.28055775661382,36674.43307883149,0.8114392734754305
remove_low_importance,C,2022-05-19,504,5824908.18,4737898.72,3574999.54,3108394.77,124.24554347277741,34838.61710758486,0.8109392827604911
remove_low_importance,C,2022-05-20,505,2226534.2,1797128.71,3972153.64,3543316.21,133.51493534439717,34187.905175981396,0.8119875424866918
remove_low_importance,C,2022-05-21,506,4033154.28,3341369.82,4378141.42,3759325.37,128.7024162756624,33586.38295976699,0.807328646701746
remove_low_importance,C,2022-05-22,507,5000275.74,4124194.76,4213160.74,3693244.08,134.25648511268653,34690.22525978558,0.7956398515534937
remove_low_importance,C,2022-05-23,508,3647180.26,3055864.88,4308017.4,3688479.23,146.6601453162967,33947.91998075147,0.8122013064989779
remove_low_importance,C,2022-05-24,509,4442598.36,3584450.45,5022090.53,3851966.1,153.74433130326125,31252.31011063606,0.8039261472480128
remove_low_importance,C,2022-05-25,510,6573956.43,5501922.55,4648849.94,3713442.54,149.77737670578776,34514.13141388327,0.7874425829979446
remove_low_importance,C,2022-05-26,511,6284218.49,5141408.99,4523799.25,3775048.65,159.99509561694316,34055.30341921345,0.8127934850372684
remove_low_importance,C,2022-05-27,512,3652675.9,2933129.2,5402679.93,4178728.17,157.3306860968927,35401.269322674285,0.8215245403366054
remove_low_importance,C,2022-05-28,513,3223975.84,2664148.14,5355203.29,4580905.57,171.20291382828077,33898.88462374934,0.7889286854058728
remove_low_importance,C,2022-05-29,514,5327455.25,4413502.81,5874511.56,4680236.93,187.26093248532263,34499.756210733554,0.7939898123807827
remove_low_importance,C,2022-05-30,515,8158502.0,6931185.72,7675904.54,6383164.66,286.49789998813304,33815.059918021325,0.7981247763217538
remove_low_importance,C,2022-05-31,516,8513166.37,6787523.6,8823213.57,7030634.99,278.6746237603745,34978.90130713266,0.8102849814508251
remove_low_importance,C,2022-06-01,517,8373363.4,7038218.52,7512742.07,6277381.85,269.9873774684749,35248.55885232012,0.7990528213276935
remove_low_importance,C,2022-06-02,518,8325437.52,6796380.79,7364554.71,5611646.16,243.65510117423125,32290.742172835853,0.8058386316303265
remove_low_importance,C,2022-06-03,519,6585522.44,5345747.87,5871227.04,4708766.77,217.29267709632305,35215.58001743624,0.789437507922069
remove_low_importance,C,2022-06-04,520,2998952.42,2492875.15,3599452.97,2412499.42,104.4457500928853,34836.327611262444,0.7915150907137107
remove_low_importance,C,2022-06-05,521,2945501.79,2481566.23,2820441.06,2199990.46,94.12204233013955,32756.340067173474,0.7981930042673842
remove_low_importance,C,2022-06-06,522,3100859.0,2519872.17,2226674.74,1961179.94,99.08452297296195,32859.72906804272,0.8079682672553941
remove_low_importance,C,2022-06-07,523,3673238.8,3096187.02,2081919.23,2011373.17,100.92965943537074,32306.01196691461,0.8036757633964928
remove_low_importance,C,2022-06-08,524,3686799.9,3086016.13,2762737.29,2416562.88,103.223176159651,24844.250346886103,0.887604151000303
remove_low_importance,C,2022-06-09,525,2619038.14,2169844.13,3234298.25,2587004.55,111.53757499439845,33221.81516147042,0.7933104510605575
remove_low_importance,C,2022-06-10,526,3369544.01,2830537.04,3552404.55,2934064.79,118.01524213341662,33853.04667111341,0.7999940081795582
remove_low_importance,C,2022-06-11,527,4463584.56,3478666.52,3974439.88,2921305.02,126.62003252888674,32534.66956108057,0.7819260038454368
remove_low_importance,C,2022-06-12,528,4561669.81,3820200.11,4369163.97,3087803.06,121.02876552213267,30504.749901079562,0.7995186661023108
remove_low_importance,C,2022-06-13,529,4221162.05,3579316.15,4303331.25,3056925.76,125.13795842185783,37567.425889240425,0.8049305965224716
remove_low_importance,C,2022-06-14,530,4843640.76,3943051.0,4089821.9,3054368.66,134.0020486884741,33917.142282529574,0.8224061059284737
remove_low_importance,C,2022-06-15,531,4969823.53,4197066.37,4644816.57,3368953.0,131.98249691870265,33229.9357602744,0.7964587083498609
remove_low_importance,C,2022-06-16,532,4143877.35,3546880.86,4272388.79,3474778.66,145.37919354596008,35631.802280188975,0.8063435359222018
remove_low_importance,C,2022-06-17,533,4914374.7,4127718.74,4941303.47,3760058.59,137.6498847263024,33499.223558649064,0.7921738159859446
remove_low_importance,C,2022-06-18,534,4817780.87,3824360.06,4534361.54,3628540.66,147.19992021203143,37769.52027126537,0.8016702758858627
remove_low_importance,C,2022-06-19,535,3795086.21,3161112.99,4307511.15,3348610.47,147.963431620454,33689.06809907392,0.7918729421623834
remove_low_importance,C,2022-06-20,536,3323030.57,2753309.16,4846772.42,3472396.46,170.68780416909735,36593.636541528955,0.7970539119844569
remove_low_importance,C,2022-06-21,537,4271838.09,3517936.59,5193636.39,3711489.64,172.73521496156664,35318.37585993569,0.790463588918296
remove_low_importance,C,2022-06-22,538,5182306.11,4283552.22,4896436.01,3823811.58,168.1358665302021,34427.805361921586,0.8100528508173404
remove_low_importance,C,2022-06-23,539,3276933.23,2698817.37,5211144.0,3897894.21,186.14730023303818,36792.661692089074,0.8056925168734903
remove_low_importance,C,2022-06-24,540,4334289.08,3840132.24,5103283.88,4329414.34,170.284294372412,36323.03056860088,0.8435697396714303
remove_low_importance,C,2022-06-25,541,3650772.37,3465656.03,4858077.85,4432837.39,184.99851742704132,32470.055835494444,0.901439513166985
remove_low_importance,C,2022-06-26,542,3313898.55,3251613.07,5347310.41,4548363.53,207.78892350784673,34036.33906106992,0.9349230910901718
remove_low_importance,C,2022-06-27,543,3481464.68,3545701.77,5721936.33,4795973.44,226.67709725718177,32821.645644286255,0.9150138817582911
remove_low_importance,C,2022-06-28,544,5799352.35,5797836.84,6786570.63,5306053.12,271.9127402373767,31888.07030166285,0.909926059663239
remove_low_importance,C,2022-06-29,545,7265484.49,7471904.08,8632733.79,7162945.36,290.1541513839564,31420.997369886423,0.8995398171026814
remove_low_importance,C,2022-06-30,546,5503799.91,5548808.71,7190428.67,5956333.36,260.7025965294974,31414.888756128323,0.9061513504520922
remove_low_importance,C,2022-07-01,547,5150082.22,5158929.6,6608374.04,5588980.33,239.3731076976314,33474.12491015373,0.8993181309541614
