strategy,fold,MAE,RMSE,R2,bias,pred_actual_mean_ratio,scale,year1_scale,year2_scale,window,fold_multiplier,w
current,C,763120.1262340037,1051232.0665012174,0.6449242235229834,-319672.10265082266,0.8995423439240632,,,,,,
current,D,683628.8723013699,918167.923628688,0.6990932270693878,-350384.86742465757,0.8906684297130439,,,,,,
direct,C,763120.1262340037,1051232.0665012174,0.6449242235229834,-319672.10265082266,0.8995423439240632,,,,,,
direct,D,683628.8723013699,918167.923628688,0.6990932270693878,-350384.86742465757,0.8906684297130439,,,,,,
component,C,984030.925191956,1329234.7901667564,0.4322890845378662,99529.88186471668,1.0312774826415354,,,,,,
component,D,736439.6315068493,1007105.6190114199,0.6379756618971549,-382430.8988493151,0.8806690168877273,,,,,,
global_scale,C,1223206.5644460695,1555956.6065027227,0.22210889174323034,-1178417.7784058503,0.6296796407468442,0.7,,,,,
global_scale,D,1234827.5236328768,1518524.51317029,0.176940287629904,-1206706.8031068495,0.6234679007991307,0.7,,,,,
global_scale,C,1162176.1391563073,1495077.1647900422,0.28179063792279435,-1106855.638759598,0.6521681993449457,0.725,,,,,
global_scale,D,1172415.1353767123,1453200.8017920402,0.24622975855677987,-1135346.6418,0.6457346115419569,0.725,,,,,
global_scale,C,1103847.0395429616,1436434.5771170205,0.3370274504300096,-1035293.4991133455,0.6746567579430475,0.75,,,,,
global_scale,D,1111744.4841643835,1389531.872528644,0.310832552033913,-1063986.4804931507,0.6680013222847828,0.75,,,,,
global_scale,C,1049523.435108775,1380313.970914457,0.38781932926487617,-963731.3594670933,0.697145316541149,0.775,,,,,
global_scale,D,1051984.9693164383,1327755.7984926528,0.37074866806130313,-992626.3191863013,0.6902680330276091,0.775,,,,,
global_scale,C,999404.0269798901,1327035.350158194,0.434166274427394,-892169.2198208409,0.7196338751392506,0.8,,,,,
global_scale,D,995161.6679506848,1268149.2330568722,0.42597810663895064,-921266.1578794519,0.7125347437704352,0.8,,,,,
global_scale,C,952807.6020840951,1276954.4945458653,0.4760682859175629,-820607.0801745887,0.7421224337373521,0.825,,,,,
global_scale,D,942082.71180274,1211032.5657836683,0.476520867766855,-849905.9965726028,0.7348014545132612,0.825,,,,,
global_scale,C,911690.7476489944,1230461.9214001917,0.5135253637353834,-749044.9405283364,0.7646109923354536,0.85,,,,,
global_scale,D,893573.6624219179,1156774.677579167,0.5223769514450167,-778545.8352657536,0.7570681652560872,0.85,,,,,
global_scale,C,875366.5875731262,1187978.996950021,0.5465375078808552,-677482.8008820842,0.7870995509335554,0.875,,,,,
global_scale,D,848331.901869863,1105796.4619233352,0.5635463576734359,-707185.6739589041,0.7793348759989135,0.875,,,,,
global_scale,C,843521.1101206582,1149950.1957373917,0.5751047183539781,-605920.6612358318,0.8095881095316568,0.9,,,,,
global_scale,D,806561.0378630138,1058571.8477882908,0.6000290864521118,-635825.5126520547,0.8016015867417395,0.9,,,,,
global_scale,C,815990.0144890312,1116830.6077745687,0.5992269951547524,-534358.5215895795,0.8320766681297586,0.925,,,,,
global_scale,D,769126.4726438356,1015624.5762444098,0.6318251377810451,-564465.3513452054,0.8238682974845656,0.925,,,,,
global_scale,C,793504.9519506398,1089068.2065652828,0.618904338283178,-462796.38194332743,0.85456522672786,0.95,,,,,
global_scale,D,735689.3757068494,977518.585003542,0.6589345116602354,-493105.1900383563,0.8461350082273916,0.95,,,,,
global_scale,C,775872.4807577698,1067081.2100979432,0.6341367477392551,-391234.24229707505,0.8770537853259616,0.975,,,,,
global_scale,D,707319.6778863015,944839.8115008632,0.681357208089683,-421745.02873150696,0.8684017189702177,0.975,,,,,
global_scale,C,763120.1262340037,1051232.0665012174,0.6449242235229834,-319672.10265082266,0.8995423439240632,1.0,,,,,
global_scale,D,683628.8723013699,918167.923628688,0.6990932270693878,-350384.86742465757,0.8906684297130439,1.0,,,,,
global_scale,C,756248.4880776965,1041800.9429062305,0.651266765634363,-248109.9630045706,0.9220309025221647,1.025,,,,,
global_scale,D,665673.0280068493,898038.2975008446,0.7121425685993497,-279024.70611780847,0.9129351404558697,1.025,,,,,
global_scale,C,754926.7951901279,1038962.6316397341,0.6531643740733939,-176547.82335831795,0.9445194611202662,1.05,,,,,
global_scale,D,653293.8316575342,884897.5154162116,0.7205052326795689,-207664.5448109588,0.9352018511986961,1.05,,,,,
horizon_scale,C,1148820.750617002,1494738.4415707346,0.282116034678236,-1086346.4150374772,0.6586132676695714,,0.75,0.7,,,
horizon_scale,D,1111744.4841643835,1389531.872528644,0.310832552033913,-1063986.4804931507,0.6680013222847828,,0.75,0.7,,,
horizon_scale,C,1103847.0395429616,1436434.5771170205,0.3370274504300096,-1035293.4991133455,0.6746567579430475,,0.75,0.75,,,
horizon_scale,D,1111744.4841643835,1389531.872528644,0.310832552033913,-1063986.4804931507,0.6680013222847828,,0.75,0.75,,,
horizon_scale,C,1063287.3993135283,1383421.4089161828,0.3850598776963775,-984240.583189214,0.6907002482165236,,0.75,0.8,,,
horizon_scale,D,1111744.4841643835,1389531.872528644,0.310832552033913,-1063986.4804931507,0.6680013222847828,,0.75,0.8,,,
horizon_scale,C,1026239.0300310787,1336328.7431018448,0.4262133164773396,-933187.6672650822,0.7067437384899997,,0.75,0.85,,,
horizon_scale,D,1111744.4841643835,1389531.872528644,0.310832552033913,-1063986.4804931507,0.6680013222847828,,0.75,0.85,,,
horizon_scale,C,993295.2657943327,1295802.2377334102,0.4604877667728964,-882134.7513409506,0.7227872287634759,,0.75,0.9,,,
horizon_scale,D,1111744.4841643835,1389531.872528644,0.310832552033913,-1063986.4804931507,0.6680013222847828,,0.75,0.9,,,
horizon_scale,C,967020.7048738574,1262474.3893132675,0.48788322858304733,-831081.8354168191,0.7388307190369519,,0.75,0.95,,,
horizon_scale,D,1111744.4841643835,1389531.872528644,0.310832552033913,-1063986.4804931507,0.6680013222847828,,0.75,0.95,,,
horizon_scale,C,945849.1514488116,1236927.218033114,0.5083997019077928,-780028.9194926874,0.7548742093104279,,0.75,1.0,,,
horizon_scale,D,1111744.4841643835,1389531.872528644,0.310832552033913,-1063986.4804931507,0.6680013222847828,,0.75,1.0,,,
horizon_scale,C,1084937.3782833638,1442709.6154913339,0.33122243140925245,-994275.0516691043,0.6875468945922983,,0.8,0.7,,,
horizon_scale,D,995161.6679506848,1268149.2330568722,0.42597810663895064,-921266.1578794519,0.7125347437704352,,0.8,0.7,,,
horizon_scale,C,1039963.6672093236,1382212.8346456627,0.38613384716102606,-943222.1357449725,0.7035903848657744,,0.8,0.75,,,
horizon_scale,D,995161.6679506848,1268149.2330568722,0.42597810663895064,-921266.1578794519,0.7125347437704352,,0.8,0.75,,,
horizon_scale,C,999404.0269798901,1327035.350158194,0.434166274427394,-892169.2198208409,0.7196338751392506,,0.8,0.8,,,
horizon_scale,D,995161.6679506848,1268149.2330568722,0.42597810663895064,-921266.1578794519,0.7125347437704352,,0.8,0.8,,,
horizon_scale,C,962355.6576974406,1277866.3997312086,0.4753197132083561,-841116.3038967092,0.7356773654127268,,0.8,0.85,,,
horizon_scale,D,995161.6679506848,1268149.2330568722,0.42597810663895064,-921266.1578794519,0.7125347437704352,,0.8,0.85,,,
horizon_scale,C,929411.8934606947,1235423.5974906576,0.5095941635039127,-790063.3879725776,0.7517208556862027,,0.8,0.9,,,
horizon_scale,D,995161.6679506848,1268149.2330568722,0.42597810663895064,-921266.1578794519,0.7125347437704352,,0.8,0.9,,,
horizon_scale,C,903137.3325402194,1200420.5969549809,0.5369896253140638,-739010.4720484461,0.7677643459596788,,0.8,0.95,,,
horizon_scale,D,995161.6679506848,1268149.2330568722,0.42597810663895064,-921266.1578794519,0.7125347437704352,,0.8,0.95,,,
horizon_scale,C,881965.7791151736,1173523.3140560028,0.5575060986388092,-687957.5561243143,0.7838078362331549,,0.8,1.0,,,
horizon_scale,D,995161.6679506848,1268149.2330568722,0.42597810663895064,-921266.1578794519,0.7125347437704352,,0.8,1.0,,,
horizon_scale,C,1034272.4682349178,1400894.3711375971,0.36942808193627963,-902203.6883007314,0.7164805215150254,,0.85,0.7,,,
horizon_scale,D,893573.6624219179,1156774.677579167,0.5223769514450167,-778545.8352657536,0.7570681652560872,,0.85,0.7,,,
horizon_scale,C,989298.7571608776,1338508.9931386523,0.42433949768805324,-851150.7723765996,0.7325240117885014,,0.85,0.75,,,
horizon_scale,D,893573.6624219179,1156774.677579167,0.5223769514450167,-778545.8352657536,0.7570681652560872,,0.85,0.75,,,
horizon_scale,C,948739.1169314443,1281451.0622818696,0.47237192495442104,-800097.8564524681,0.7485675020619775,,0.85,0.8,,,
horizon_scale,D,893573.6624219179,1156774.677579167,0.5223769514450167,-778545.8352657536,0.7570681652560872,,0.85,0.8,,,
horizon_scale,C,911690.7476489944,1230461.9214001917,0.5135253637353834,-749044.9405283364,0.7646109923354536,,0.85,0.85,,,
horizon_scale,D,893573.6624219179,1156774.677579167,0.5223769514450167,-778545.8352657536,0.7570681652560872,,0.85,0.85,,,
horizon_scale,C,878746.9834122485,1186324.3526500706,0.5477998140309399,-697992.0246042048,0.7806544826089297,,0.85,0.9,,,
horizon_scale,D,893573.6624219179,1156774.677579167,0.5223769514450167,-778545.8352657536,0.7570681652560872,,0.85,0.9,,,
horizon_scale,C,852472.4224917734,1149827.6453658624,0.575195275841091,-646939.1086800733,0.7966979728824058,,0.85,0.95,,,
horizon_scale,D,893573.6624219179,1156774.677579167,0.5223769514450167,-778545.8352657536,0.7570681652560872,,0.85,0.95,,,
horizon_scale,C,831300.8690667277,1121717.8669731682,0.5957117491658365,-595886.1927559415,0.812741463155882,,0.85,1.0,,,
horizon_scale,D,893573.6624219179,1156774.677579167,0.5223769514450167,-778545.8352657536,0.7570681652560872,,0.85,1.0,,,
horizon_scale,C,999046.5949433272,1370228.0912573861,0.39673298625931774,-810132.3249323583,0.7454141484377524,,0.9,0.7,,,
horizon_scale,D,806561.0378630138,1058571.8477882908,0.6000290864521118,-635825.5126520547,0.8016015867417395,,0.9,0.7,,,
horizon_scale,C,954072.8838692871,1306379.0826934215,0.45164440201109135,-759079.4090082266,0.7614576387112287,,0.9,0.75,,,
horizon_scale,D,806561.0378630138,1058571.8477882908,0.6000290864521118,-635825.5126520547,0.8016015867417395,,0.9,0.75,,,
horizon_scale,C,913513.2436398538,1247852.8791525017,0.49967682927745927,-708026.4930840951,0.7775011289847048,,0.9,0.8,,,
horizon_scale,D,806561.0378630138,1058571.8477882908,0.6000290864521118,-635825.5126520547,0.8016015867417395,,0.9,0.8,,,
horizon_scale,C,876464.8743574041,1195431.5216697727,0.5408302680584215,-656973.5771599634,0.7935446192581808,,0.9,0.85,,,
horizon_scale,D,806561.0378630138,1058571.8477882908,0.6000290864521118,-635825.5126520547,0.8016015867417395,,0.9,0.85,,,
horizon_scale,C,843521.1101206582,1149950.1957373917,0.5751047183539781,-605920.6612358318,0.8095881095316568,,0.9,0.9,,,
horizon_scale,D,806561.0378630138,1058571.8477882908,0.6000290864521118,-635825.5126520547,0.8016015867417395,,0.9,0.9,,,
horizon_scale,C,817246.5492001829,1112260.579645552,0.6025001801641292,-554867.7453117003,0.825631599805133,,0.9,0.95,,,
horizon_scale,D,806561.0378630138,1058571.8477882908,0.6000290864521118,-635825.5126520547,0.8016015867417395,,0.9,0.95,,,
horizon_scale,C,796074.9957751371,1083176.3273228838,0.6230166534888746,-503814.82938756846,0.8416750900786091,,0.9,1.0,,,
horizon_scale,D,806561.0378630138,1058571.8477882908,0.6000290864521118,-635825.5126520547,0.8016015867417395,,0.9,1.0,,,
horizon_scale,C,975304.9976937844,1351469.9344005852,0.4131371443783667,-718060.9615639856,0.7743477753604796,,0.95,0.7,,,
horizon_scale,D,735689.3757068494,977518.585003542,0.6589345116602354,-493105.1900383563,0.8461350082273916,,0.95,0.7,,,
horizon_scale,C,930331.2866197441,1286690.4325504124,0.4680485601301403,-667008.0456398538,0.7903912656339557,,0.95,0.75,,,
horizon_scale,D,735689.3757068494,977518.585003542,0.6589345116602354,-493105.1900383563,0.8461350082273916,,0.95,0.75,,,
horizon_scale,C,889771.6463903108,1227225.639207008,0.5160809873965082,-615955.1297157222,0.8064347559074316,,0.95,0.8,,,
horizon_scale,D,735689.3757068494,977518.585003542,0.6589345116602354,-493105.1900383563,0.8461350082273916,,0.95,0.8,,,
horizon_scale,C,852723.2771078611,1173883.5055147381,0.5572344261774704,-564902.2137915906,0.8224782461809078,,0.95,0.85,,,
horizon_scale,D,735689.3757068494,977518.585003542,0.6589345116602354,-493105.1900383563,0.8461350082273916,,0.95,0.85,,,
horizon_scale,C,819779.5128711152,1127533.331744267,0.591508876473027,-513849.29786745895,0.8385217364543839,,0.95,0.9,,,
horizon_scale,D,735689.3757068494,977518.585003542,0.6589345116602354,-493105.1900383563,0.8461350082273916,,0.95,0.9,,,
horizon_scale,C,793504.9519506398,1089068.2065652828,0.618904338283178,-462796.38194332743,0.85456522672786,,0.95,0.95,,,
horizon_scale,D,735689.3757068494,977518.585003542,0.6589345116602354,-493105.1900383563,0.8461350082273916,,0.95,0.95,,,
horizon_scale,C,772333.3985255942,1059347.4017481483,0.6394208116079235,-411743.46601919574,0.8706087170013359,,0.95,1.0,,,
horizon_scale,D,735689.3757068494,977518.585003542,0.6589345116602354,-493105.1900383563,0.8461350082273916,,0.95,1.0,,,
horizon_scale,C,966091.725402194,1345118.1820340506,0.41864055629342656,-625989.5981956125,0.8032814022832064,,1.0,0.7,,,
horizon_scale,D,683628.8723013699,918167.923628688,0.6990932270693878,-350384.86742465757,0.8906684297130439,,1.0,0.7,,,
horizon_scale,C,921118.0143281536,1280017.2691282858,0.47355197204520016,-574936.6822714808,0.8193248925566825,,1.0,0.75,,,
horizon_scale,D,683628.8723013699,918167.923628688,0.6990932270693878,-350384.86742465757,0.8906684297130439,,1.0,0.75,,,
horizon_scale,C,880558.3740987203,1220227.3188127356,0.5215843993115681,-523883.7663473491,0.8353683828301587,,1.0,0.8,,,
horizon_scale,D,683628.8723013699,918167.923628688,0.6990932270693878,-350384.86742465757,0.8906684297130439,,1.0,0.8,,,
horizon_scale,C,843510.0048162707,1166565.225167216,0.5627378380925303,-472830.85042321763,0.8514118731036349,,1.0,0.85,,,
horizon_scale,D,683628.8723013699,918167.923628688,0.6990932270693878,-350384.86742465757,0.8906684297130439,,1.0,0.85,,,
horizon_scale,C,810566.2405795247,1119912.2082753605,0.597012288388087,-421777.934499086,0.8674553633771109,,1.0,0.9,,,
horizon_scale,D,683628.8723013699,918167.923628688,0.6990932270693878,-350384.86742465757,0.8906684297130439,,1.0,0.9,,,
horizon_scale,C,784291.6796590494,1081175.9794784514,0.6244077501982379,-370725.01857495436,0.883498853650587,,1.0,0.95,,,
horizon_scale,D,683628.8723013699,918167.923628688,0.6990932270693878,-350384.86742465757,0.8906684297130439,,1.0,0.95,,,
horizon_scale,C,763120.1262340037,1051232.0665012174,0.6449242235229834,-319672.10265082266,0.8995423439240632,,1.0,1.0,,,
horizon_scale,D,683628.8723013699,918167.923628688,0.6990932270693878,-350384.86742465757,0.8906684297130439,,1.0,1.0,,,
horizon_scale,C,972519.4343318099,1351347.7872925468,0.41324322200449726,-533918.2348272395,0.8322150292059337,,1.05,0.7,,,
horizon_scale,D,653293.8316575342,884897.5154162116,0.7205052326795689,-207664.5448109588,0.9352018511986961,,1.05,0.7,,,
horizon_scale,C,927545.7232577697,1286562.1352459071,0.468154637756271,-482865.3189031077,0.8482585194794097,,1.05,0.75,,,
horizon_scale,D,653293.8316575342,884897.5154162116,0.7205052326795689,-207664.5448109588,0.9352018511986961,,1.05,0.75,,,
horizon_scale,C,886986.0830283364,1227091.1246353267,0.5161870650226388,-431812.40297897614,0.8643020097528858,,1.05,0.8,,,
horizon_scale,D,653293.8316575342,884897.5154162116,0.7205052326795689,-207664.5448109588,0.9352018511986961,,1.05,0.8,,,
horizon_scale,C,849937.7137458866,1173742.8777851267,0.557340503803601,-380759.48705484456,0.8803455000263619,,1.05,0.85,,,
horizon_scale,D,653293.8316575342,884897.5154162116,0.7205052326795689,-207664.5448109588,0.9352018511986961,,1.05,0.85,,,
horizon_scale,C,816993.9495091408,1127386.922412207,0.5916149540991578,-329706.5711307129,0.896388990299838,,1.05,0.9,,,
horizon_scale,D,653293.8316575342,884897.5154162116,0.7205052326795689,-207664.5448109588,0.9352018511986961,,1.05,0.9,,,
horizon_scale,C,790719.3885886655,1088916.6254507562,0.6190104159093086,-278653.6552065813,0.9124324805733142,,1.05,0.95,,,
horizon_scale,D,653293.8316575342,884897.5154162116,0.7205052326795689,-207664.5448109588,0.9352018511986961,,1.05,0.95,,,
horizon_scale,C,769547.8351636197,1059191.5672919103,0.6395268892340542,-227600.73928244965,0.9284759708467903,,1.05,1.0,,,
horizon_scale,D,653293.8316575342,884897.5154162116,0.7205052326795689,-207664.5448109588,0.9352018511986961,,1.05,1.0,,,
recent_level,C,1521139.8127909137,2013131.6878963665,-0.30217158807323874,1301923.2034594049,1.4091322086784228,,,,14.0,1.5664990294190955,
recent_level,C,791110.9420054186,1078478.1207612152,0.6262798424515545,67172.41881592495,1.0211090792447715,,,,30.0,1.135142871418814,
recent_level,C,818364.3559801767,1111653.6675529017,0.6029338584456267,158474.1426980636,1.0498008452788898,,,,60.0,1.167038830767383,
recent_level,C,1117054.6510474766,1507425.9124970094,0.2698773887783956,758019.8732152926,1.2382093998529624,,,,90.0,1.3764881755888618,
recent_level,D,1522603.0728107356,1945875.6548473143,-0.3515057545358373,1413028.9990348956,1.4409113911253892,,,,14.0,1.6177865331879149,
recent_level,D,785903.3004970482,1063487.6384057342,0.5963056953172747,411524.444020664,1.128409123393208,,,,30.0,1.2669239031597423,
recent_level,D,805797.2186967786,1089656.5986918318,0.576194062937915,451437.44473164243,1.1408632886505987,,,,60.0,1.2809068454555677,
recent_level,D,1028659.6027621133,1371982.783678071,0.3281303035986678,811921.9581365994,1.253346279723745,,,,90.0,1.4071973788579764,
ensemble,C,984030.925191956,1329234.7901667564,0.4322890845378662,99529.88186471668,1.0312774826415354,,,,,,0.0
ensemble,D,736439.6315068493,1007105.6190114199,0.6379756618971549,-382430.8988493151,0.8806690168877273,,,,,,0.0
ensemble,C,952543.5738592322,1283359.8674567032,0.4707988811924585,57609.68341316283,1.0181039687697884,,,,,,0.1
ensemble,D,725766.0561397261,992968.4106785998,0.6480681317030799,-379226.29570684925,0.8816689581702591,,,,,,0.1
ensemble,C,922890.852310786,1240599.749435656,0.505476170567922,15689.484961608945,1.0049304548980413,,,,,,0.2
ensemble,D,715825.8428438356,979892.4124847117,0.6572759985559598,-376021.69256438344,0.8826688994527907,,,,,,0.2
ensemble,C,894107.0730329067,1201287.0989458088,0.5363209526642565,-26230.713489945345,0.9917569410262939,,,,,,0.3
ensemble,D,706390.1910767123,967920.6342272838,0.6655992624557949,-372817.089421918,0.8836688407353223,,,,,,0.3
ensemble,C,866254.5263400365,1165770.7393737258,0.5633332274814618,-68150.91194149911,0.9785834271545466,,,,,,0.4
ensemble,D,698465.9213698631,957094.5130754329,0.6730379234025853,-369612.4862794521,0.8846687820178538,,,,,,0.4
ensemble,C,841021.5723857405,1134407.2929767286,0.586512995019538,-110071.11039305302,0.9654099132827995,,,,,,0.5
ensemble,D,692025.5177397261,947453.3225618909,0.6795919813963309,-366407.88313698635,0.8856687233003857,,,,,,0.5
ensemble,C,816915.7729469836,1107549.6209335795,0.6058602552784851,-151991.30884460697,0.9522363994110521,,,,,,0.6
ensemble,D,687153.3354356164,939033.5609478225,0.6852614364370319,-363203.2799945206,0.8866686645829173,,,,,,0.6
ensemble,C,796103.3818117002,1085532.2133377441,0.6213750082583033,-193911.5072961609,0.9390628855393048,,,,,,0.7
ensemble,D,684028.269191781,931868.336954016,0.6900462885246881,-359998.67685205484,0.8876686058654488,,,,,,0.7
ensemble,C,779139.8318318098,1068654.282941994,0.6330572539589925,-235831.70574771485,0.9258893716675576,,,,,,0.8
ensemble,D,682895.2957589041,925986.773624145,0.6939465376592994,-356794.073709589,0.8886685471479805,,,,,,0.8
ensemble,C,767612.7377568556,1057162.0186135585,0.6409069923805525,-277751.9041992687,0.9127158577958105,,,,,,0.9
ensemble,D,682780.0778273973,921413.4528617312,0.696962183840866,-353589.4705671234,0.8896684884305122,,,,,,0.9
ensemble,C,763120.1262340037,1051232.0665012174,0.6449242235229834,-319672.10265082266,0.8995423439240632,,,,,,1.0
ensemble,D,683628.8723013699,918167.923628688,0.6990932270693878,-350384.86742465757,0.8906684297130439,,,,,,1.0
ensemble_scale,C,1088844.2310438757,1422489.5246381902,0.34983737652910996,-884976.3892449727,0.7218942378490749,0.7,,,,,0.0
ensemble_scale,D,1268562.384561644,1565258.011961787,0.12550042860891397,-1229139.0251041097,0.6164683118214092,0.7,,,,,0.0
ensemble_scale,C,1048662.3721604203,1377616.1942917535,0.3902099632957041,-802934.199985832,0.7476761749151133,0.725,,,,,0.0
ensemble_scale,D,1208112.632132192,1502984.37972089,0.19369999188805342,-1158580.0145828768,0.6384850372436023,0.725,,,,,0.0
ensemble_scale,C,1015074.2899314442,1338332.4424876138,0.42449134804426225,-720892.0107266911,0.7734581119811516,0.75,,,,,0.0
ensemble_scale,D,1149568.8178150684,1442524.6796348002,0.2572644108329286,-1088021.0040616437,0.6605017626657955,0.75,,,,,0.0
ensemble_scale,C,987649.4453121572,1305143.0922413396,0.45268153077478457,-638849.8214675502,0.7992400490471901,0.775,,,,,0.0
ensemble_scale,D,1093081.4142595888,1384116.6356279552,0.31619368544353965,-1017461.9935404108,0.6825184880879888,0.775,,,,,0.0
ensemble_scale,C,966833.9561133455,1278522.8479015017,0.47478051148727085,-556807.6322084094,0.8250219861132283,0.8,,,,,0.0
ensemble_scale,D,1038373.1023068492,1328030.9765531404,0.37048781571988665,-946902.983019178,0.7045352135101819,0.8,,,,,0.0
ensemble_scale,C,952112.6710617001,1258888.5060868196,0.490788290181721,-474765.4429492689,0.8508039231792669,0.825,,,,,0.0
ensemble_scale,D,985659.4600664385,1274574.3180934559,0.4201468016619694,-876343.9724979454,0.7265519389323751,0.825,,,,,0.0
ensemble_scale,C,941808.693214808,1246570.2088848823,0.5007048668581353,-392723.25369012804,0.8765858602453052,0.85,,,,,0.0
ensemble_scale,D,937444.1213794521,1224091.1379461007,0.4651706432697882,-805784.9619767123,0.7485686643545683,0.85,,,,,0.0
ensemble_scale,C,937858.8929227606,1241785.6970393688,0.5045302415165137,-310681.0644309872,0.9023677973113436,0.875,,,,,0.0
ensemble_scale,D,892326.542421233,1176964.119949726,0.505559340543343,-735225.9514554795,0.7705853897767615,0.875,,,,,0.0
ensemble_scale,C,938557.4736398536,1244621.8565629718,0.5022644141568562,-228638.8751718463,0.928149734377382,0.9,,,,,0.0
ensemble_scale,D,850610.1701616438,1133611.9130001932,0.5413128934826336,-664666.9409342465,0.7926021151989546,0.9,,,,,0.0
ensemble_scale,C,943627.3675936928,1255027.0240386955,0.4939073847791625,-146596.68591270555,0.9539316714434204,0.925,,,,,0.0
ensemble_scale,D,812901.9557554794,1094483.167042305,0.5724313020876601,-594107.9304130136,0.8146188406211479,0.925,,,,,0.0
ensemble_scale,C,952933.8599149908,1272815.5848633556,0.47945915338343315,-64554.496653565075,0.9797136085094587,0.95,,,,,0.0
ensemble_scale,D,780592.1456397261,1060045.678533724,0.5989145663584223,-523548.919891781,0.8366355660433409,0.95,,,,,0.0
ensemble_scale,C,966312.7425553015,1297683.9414299326,0.45891971996966774,17487.692605575787,1.0054955455754973,0.975,,,,,0.0
ensemble_scale,D,755263.065419863,1030769.7522789284,0.6207626862949207,-452989.90937054803,0.8586522914655341,0.975,,,,,0.0
ensemble_scale,C,984030.925191956,1329234.7901667564,0.4322890845378662,99529.88186471668,1.0312774826415354,1.0,,,,,0.0
ensemble_scale,D,736439.6315068493,1007105.6190114199,0.6379756618971549,-382430.8988493151,0.8806690168877273,1.0,,,,,0.0
ensemble_scale,C,1007917.328858775,1367005.508293457,0.39956724708802893,181572.0711238571,1.057059419707574,1.025,,,,,0.0
ensemble_scale,D,720010.2562321918,989456.0007760118,0.6505534931651251,-311871.8883280825,0.9026857423099204,1.025,,,,,0.0
ensemble_scale,C,1036449.6737778794,1410496.511442018,0.3607542076201554,263614.2603829983,1.0828413567736124,1.05,,,,,0.0
ensemble_scale,D,707172.4578589041,978146.5284378483,0.6584961800988312,-241312.87780684922,0.9247024677321137,1.05,,,,,0.0
ensemble_scale,C,1092589.9170945154,1427209.926068632,0.34551520660100155,-914320.5281610604,0.7126727781388519,0.7,,,,,0.1
ensemble_scale,D,1264181.872149863,1558895.8632743023,0.13259496402247684,-1226895.8029043835,0.6171682707191813,0.7,,,,,0.1
ensemble_scale,C,1049635.1710842322,1379621.8386344686,0.388433108132078,-833326.3438632084,0.7381253773580965,0.725,,,,,0.1
ensemble_scale,D,1203575.1675414382,1496122.6730099178,0.20104533097729993,-1156256.677304589,0.6392099946734378,0.725,,,,,0.1
ensemble_scale,C,1011692.1954346435,1337221.9798673927,0.4254459923331325,-752332.1595653563,0.7635779765773413,0.75,,,,,0.1
ensemble_scale,D,1144502.8226047943,1435129.3648719434,0.2648603761779217,-1085617.5517047944,0.6612517186276943,0.75,,,,,0.1
ensemble_scale,C,981448.4890206124,1300517.8931790157,0.4565538592041646,-671337.9752675045,0.7890305757965859,0.775,,,,,0.1
ensemble_scale,D,1087560.9178215752,1376152.62097049,0.3240400996243423,-1014978.4261049998,0.6832934425819508,0.775,,,,,0.1
ensemble_scale,C,956790.0541360145,1270003.5113148696,0.48175670874517473,-590343.7909696525,0.8144831750158308,0.8,,,,,0.1
ensemble_scale,D,1032285.7022147942,1319462.8753977683,0.37858450131656207,-944339.3005052054,0.7053351665362071,0.8,,,,,0.1
ensemble_scale,C,938360.2745880714,1246133.6237580653,0.5010545409561626,-509349.6066718008,0.8399357742350755,0.825,,,,,0.1
ensemble_scale,D,978837.7237793836,1265367.5450100421,0.42849358125458037,-873700.1749054112,0.7273768904904636,0.825,,,,,0.1
ensemble_scale,C,925384.5244679159,1229295.350598754,0.5144473558371285,-428355.42237394885,0.8653883734543201,0.85,,,,,0.1
ensemble_scale,D,930347.0520390413,1214213.4365256096,0.4737673394383979,-803061.0493056165,0.74941861444472,0.85,,,,,0.1
ensemble_scale,C,918776.0601199724,1219779.9272745952,0.5219351533880721,-347361.2380760968,0.8908409726735649,0.875,,,,,0.1
ensemble_scale,D,885193.795206507,1166387.5925166197,0.5144057758680143,-732421.923705822,0.7714603383989767,0.875,,,,,0.1
ensemble_scale,C,916637.6663478977,1217759.0255035341,0.5235179336089937,-266367.0537782449,0.9162935718928096,0.9,,,,,0.1
ensemble_scale,D,843579.5945032877,1122315.5810986934,0.5504088905434297,-661782.7981060273,0.7935020623532331,0.9,,,,,0.1
ensemble_scale,C,919588.5251752742,1223269.789802566,0.5191956964998932,-185372.8694803928,0.9417461711120544,0.925,,,,,0.1
ensemble_scale,D,805381.8509791095,1082456.0093786146,0.5817766834646438,-591143.6725062326,0.8155437863074896,0.925,,,,,0.1
ensemble_scale,C,926125.2174812615,1236211.5006449777,0.5089684420607705,-104378.68518254117,0.967198770331299,0.95,,,,,0.1
ensemble_scale,D,772261.7217889042,1047289.9607871973,0.6085091546316568,-520504.5469064384,0.837585510261746,0.95,,,,,0.1
ensemble_scale,C,937380.2190819471,1256354.5404244768,0.49283617029162563,-23384.500884689187,0.9926513695505438,0.975,,,,,0.1
ensemble_scale,D,745411.5733167809,1017304.2871993704,0.6306063040444687,-449865.4213066439,0.8596272342160024,0.975,,,,,0.1
ensemble_scale,C,952543.5738592322,1283359.8674567032,0.4707988811924585,57609.68341316283,1.0181039687697884,1.0,,,,,0.1
ensemble_scale,D,725766.0561397261,992968.4106785998,0.6480681317030799,-379226.29570684925,0.8816689581702591,1.0,,,,,0.1
ensemble_scale,C,973091.3171791134,1316805.34961959,0.4428565747632697,138603.8677110144,1.043556567989033,1.025,,,,,0.1
ensemble_scale,D,709379.9512736301,974705.6055649555,0.6608946376074896,-308587.17010705493,0.9037106821245154,1.025,,,,,0.1
ensemble_scale,C,998595.1429083182,1356214.6103806922,0.40900925100405816,219598.05200886683,1.0690091672082775,1.05,,,,,0.1
ensemble_scale,D,696615.2838768493,962861.5017211481,0.6690858217576983,-237948.0445072601,0.9257524060787721,1.05,,,,,0.1
ensemble_scale,C,1098029.8979180988,1433954.149967704,0.33931510810612,-943664.6670771481,0.7034513184286287,0.7,,,,,0.2
ensemble_scale,D,1259801.3597380822,1552898.698244439,0.13925604398904756,-1224652.5807046576,0.6178682296169534,0.7,,,,,0.2
ensemble_scale,C,1052487.0250074954,1383891.6102687663,0.3846417913298599,-863718.487740585,0.7285745798010799,0.725,,,,,0.2
ensemble_scale,D,1199166.4508780823,1489666.6528023926,0.207925700639352,-1153933.3400263013,0.6399349521032732,0.725,,,,,0.2
ensemble_scale,C,1012039.2817531992,1338619.0231515125,0.42424485127749256,-783772.3084040219,0.7536978411735309,0.75,,,,,0.2
ensemble_scale,D,1139656.1371999998,1428183.8824138031,0.2719587523618271,-1083214.099347945,0.662001674589593,0.75,,,,,0.2
ensemble_scale,C,977111.4843173674,1298637.4415987292,0.45812428794901805,-703826.1290674587,0.778821102545982,0.775,,,,,0.2
ensemble_scale,D,1082106.6598416436,1368686.1450144483,0.3313551991564725,-1012494.8586695888,0.6840683970759127,0.775,,,,,0.2
ensemble_scale,C,949300.5448811699,1264448.8663877354,0.4862801013444361,-623879.9497308956,0.8039443639184329,0.8,,,,,0.2
ensemble_scale,D,1026419.277747945,1311443.6401063246,0.38611504102328875,-941775.6179912325,0.7061351195622326,0.8,,,,,0.2
ensemble_scale,C,927293.3682828153,1236533.898485811,0.5087122914637472,-543933.7703943328,0.8290676252908838,0.825,,,,,0.2
ensemble_scale,D,972798.2173156163,1256764.5661972698,0.4362382779622753,-871056.3773128767,0.7282018420485522,0.825,,,,,0.2
ensemble_scale,C,910393.1848541131,1215324.9128969416,0.5254208583069508,-463987.59105776955,0.8541908866633351,0.85,,,,,0.2
ensemble_scale,D,923892.323169315,1204997.935506764,0.48172490997343276,-800337.1366345205,0.750268564534872,0.85,,,,,0.2
ensemble_scale,C,901084.0968007314,1201177.1814014588,0.5364058018740475,-384041.41172120644,0.8793141480357861,0.875,,,,,0.2
ensemble_scale,D,878791.3363904109,1156534.8980272857,0.5225749370567607,-729617.8959561642,0.7723352870211918,0.875,,,,,0.2
ensemble_scale,C,896121.7138369286,1194341.6654120795,0.5416671221650369,-304095.2323846433,0.9044374094082372,0.9,,,,,0.2
ensemble_scale,D,837424.9371857533,1111807.5427821456,0.5587883592122593,-658898.6552778081,0.7944020095075116,0.9,,,,,0.2
ensemble_scale,C,896396.9495625229,1194943.8571611634,0.5412048191799189,-224149.05304808018,0.9295606707806882,0.925,,,,,0.2
ensemble_scale,D,799001.3497536986,1071283.8793113753,0.5903651764399286,-588179.4145994518,0.8164687319938314,0.925,,,,,0.2
ensemble_scale,C,900902.3361853746,1202972.5870539404,0.5350188929186939,-144202.87371151734,0.9546839321531392,0.95,,,,,0.2
ensemble_scale,D,765189.3498399999,1035457.5722889153,0.6173053887397684,-517460.17392109585,0.8385354544801511,0.95,,,,,0.2
ensemble_scale,C,909606.293998903,1218281.0365623587,0.5231093433813615,-64256.69437495416,0.9798071935255902,0.975,,,,,0.2
ensemble_scale,D,737195.7354082193,1004831.1868176402,0.6396089961117787,-446740.93324273964,0.8606021769664708,0.975,,,,,0.2
ensemble_scale,C,922890.852310786,1240599.749435656,0.505476170567922,15689.484961608945,1.0049304548980413,1.0,,,,,0.2
ensemble_scale,D,715825.8428438356,979892.4124847117,0.6572759985559598,-376021.69256438344,0.8826688994527907,1.0,,,,,0.2
ensemble_scale,C,940319.9910616088,1269559.0604459178,0.4821193744783754,95635.6642981717,1.030053716270492,1.025,,,,,0.2
ensemble_scale,D,699158.2169624658,961084.107735498,0.6703063960723112,-305302.45188602747,0.9047356219391104,1.025,,,,,0.2
ensemble_scale,C,962185.5574676419,1304716.8631657152,0.4530389551127213,175581.84363473524,1.0551769776429434,1.05,,,,,0.2
ensemble_scale,D,687014.2353835616,948770.9314113897,0.6787001886608335,-234583.21120767095,0.9268023444254304,1.05,,,,,0.2
ensemble_scale,C,1106265.172222852,1442693.814060245,0.33123708104446514,-973008.8059932361,0.6942298587184057,0.7,,,,,0.3
ensemble_scale,D,1255744.9630452057,1547270.7608680483,0.14548366850862626,-1222409.3585049317,0.6185681885147255,0.7,,,,,0.3
ensemble_scale,C,1057368.586499223,1390404.6507331154,0.3788360128890492,-894110.6316179619,0.719023782244063,0.725,,,,,0.3
ensemble_scale,D,1194870.2880373287,1483621.6151756542,0.21434110087420988,-1151610.002748014,0.6406599095331086,0.725,,,,,0.3
ensemble_scale,C,1014606.7068596893,1342515.7443109488,0.4208879248773424,-815212.4572426875,0.7438177057697204,0.75,,,,,0.3
ensemble_scale,D,1135240.944810274,1421694.8250457735,0.2785595393846444,-1080810.6469910962,0.6627516305514918,0.75,,,,,0.3
ensemble_scale,C,976163.378464031,1299513.6528544857,0.4573928170093443,-736314.2828674134,0.7686116292953777,0.775,,,,,0.3
ensemble_scale,D,1076664.13169637,1361725.391947193,0.33813898403993015,-1010011.2912341781,0.6848433515698747,0.775,,,,,0.3
ensemble_scale,C,944021.6243093236,1261898.0638219398,0.488350689285055,-657416.1084921389,0.7934055528210352,0.8,,,,,0.3
ensemble_scale,D,1020727.7482772602,1303983.3969617211,0.3930794348400666,-939211.9354772604,0.7069350725882578,0.8,,,,,0.3
ensemble_scale,C,919144.1401377057,1230163.1974213163,0.5137615417044743,-578517.934116865,0.8181994763466924,0.825,,,,,0.3
ensemble_scale,D,967470.1715682879,1248777.8605485489,0.443380891785054,-868412.5797203428,0.7290267936066409,0.825,,,,,0.3
ensemble_scale,C,898675.6984019196,1204773.854460677,0.5336253742676025,-499619.7597415907,0.8429933998723498,0.85,,,,,0.3
ensemble_scale,D,918241.4179760275,1196459.936398574,0.4890433548748926,-797613.2239634249,0.7511185146250239,0.85,,,,,0.3
ensemble_scale,C,884392.9057260054,1186137.5838342533,0.5479421869744395,-420721.58536631643,0.867787323398007,0.875,,,,,0.3
ensemble_scale,D,873603.22412637,1147424.6828371077,0.5300668241095821,-726813.8682065071,0.773210235643407,0.875,,,,,0.3
ensemble_scale,C,877779.1512868374,1174575.870034034,0.5567119798249853,-341823.41099104215,0.8925812469236644,0.9,,,,,0.3
ensemble_scale,D,831683.8617345205,1102110.3461664272,0.5664512994891229,-656014.5124495892,0.7953019566617902,0.9,,,,,0.3
ensemble_scale,C,874997.4469792962,1170298.4065776467,0.55993475281924,-262925.2366157678,0.9173751704493217,0.925,,,,,0.3
ensemble_scale,D,793316.6158982876,1060993.7871809693,0.5981967810135143,-585215.1566926712,0.8173936776801731,0.925,,,,,0.3
ensemble_scale,C,877133.1400002742,1173384.8583052682,0.5576105059572034,-184027.06224049395,0.9421690939749792,0.95,,,,,0.3
ensemble_scale,D,759270.1273456166,1024580.5027973343,0.6253032686827567,-514415.80093575374,0.8394853986985562,0.95,,,,,0.3
ensemble_scale,C,883030.1895978518,1183777.6270279372,0.5497392392388756,-105128.88786521963,0.9669630175006365,0.975,,,,,0.3
ensemble_scale,D,730114.214816096,993387.8325984009,0.6477707624968503,-443616.4451788358,0.8615771197169392,0.975,,,,,0.3
ensemble_scale,C,894107.0730329067,1201287.0989458088,0.5363209526642565,-26230.713489945345,0.9917569410262939,1.0,,,,,0.3
ensemble_scale,D,706390.1910767123,967920.6342272838,0.6655992624557949,-372817.089421918,0.8836688407353223,1.0,,,,,0.3
ensemble_scale,C,909465.6087884369,1225608.296816444,0.5173556462333463,52667.46088532861,1.0165508645519512,1.025,,,,,0.3
ensemble_scale,D,689453.9513340412,948640.1379541317,0.6787887685595904,-302017.7336650004,0.9057605617537052,1.025,,,,,0.3
ensemble_scale,C,928387.8887790676,1256345.684772665,0.4928433199461447,131565.63526060322,1.0413447880776086,1.05,,,,,0.3
ensemble_scale,D,678373.0929582191,935928.767310103,0.687339280808237,-231218.3779080822,0.9278522827720884,1.05,,,,,0.3
ensemble_scale,C,1116463.6157539308,1453392.9213475336,0.3212811254160368,-1002352.9449093237,0.6850083990081826,0.7,,,,,0.4
ensemble_scale,D,1251917.1382624658,1542016.0938905529,0.15127783758121316,-1220166.1363052055,0.6192681474124977,0.7,,,,,0.4
ensemble_scale,C,1065341.319823309,1399129.632686387,0.3710157728096467,-924502.7754953383,0.7094729846870463,0.725,,,,,0.4
ensemble_scale,D,1190621.5851886303,1477992.602934513,0.22029153168187388,-1149286.665469726,0.6413848669629441,0.725,,,,,0.4
ensemble_scale,C,1018660.7403062157,1348890.4800536933,0.41537521313268233,-846652.6060813528,0.73393757036591,0.75,,,,,0.4
ensemble_scale,D,1130825.752420548,1415668.4691847356,0.28466273724637436,-1078407.1946342466,0.6635015865133903,0.75,,,,,0.4
ensemble_scale,C,978458.3815249542,1303140.966349432,0.4543594463851438,-768802.4366673675,0.7584021560447736,0.775,,,,,0.4
ensemble_scale,D,1071626.0707226025,1355278.1540191756,0.3443914542747153,-1007527.7237987672,0.6856183060638369,0.775,,,,,0.4
ensemble_scale,C,942194.9273820841,1262369.31286256,0.48796847256703113,-690952.2672533819,0.7828667417236373,0.8,,,,,0.4
ensemble_scale,D,1015887.5141446574,1297091.791155295,0.3994776827668961,-936648.2529632875,0.7077350256142831,0.8,,,,,0.4
ensemble_scale,C,913313.7903335467,1227071.8148569637,0.5162022916783443,-613102.0978393969,0.8073313274025008,0.825,,,,,0.4
ensemble_scale,D,962927.6049697261,1241419.3225523503,0.4499214227229167,-865768.7821278084,0.7298517451647294,0.825,,,,,0.4
ensemble_scale,C,890403.440659415,1197732.544625863,0.5390609037190834,-535251.9284254115,0.8317959130813648,0.85,,,,,0.4
ensemble_scale,D,913105.1549219178,1188614.0390948092,0.4957226741427777,-794889.3112923289,0.7519684647151759,0.85,,,,,0.4
ensemble_scale,C,871898.7090041133,1174797.9873049823,0.5565443086892485,-457401.759011426,0.8562604987602283,0.875,,,,,0.4
ensemble_scale,D,868459.774959589,1139074.761928853,0.5368814370264788,-724009.8404568494,0.7740851842656222,0.875,,,,,0.4
ensemble_scale,C,860580.3948749544,1158648.5344469396,0.5686525065888393,-379551.5895974405,0.8807250844390921,0.9,,,,,0.4
ensemble_scale,D,826975.9495983562,1093245.5682033775,0.5733977113740201,-653130.36962137,0.7962019038160685,0.9,,,,,0.4
ensemble_scale,C,855601.7749483547,1149570.1782216495,0.575385497417856,-301701.42018345505,0.9051896701179556,0.925,,,,,0.4
ensemble_scale,D,788164.0350998631,1051611.6257119046,0.6052714971854012,-582250.8987858904,0.818318623366515,0.925,,,,,0.4
ensemble_scale,C,854286.3875021939,1147730.7244373048,0.5767432811762987,-223851.25076946997,0.9296542557968193,0.95,,,,,0.4
ensemble_scale,D,754149.1024654795,1014689.4747022858,0.6325027944606224,-511371.42795041116,0.8404353429169611,0.95,,,,,0.4
ensemble_scale,C,858723.3048249542,1153164.8146984526,0.5727258578641673,-146001.08135548458,0.9541188414756829,0.975,,,,,0.4
ensemble_scale,D,724101.743179589,983010.187441525,0.6550916031996838,-440491.95711493166,0.8625520624674076,0.975,,,,,0.4
ensemble_scale,C,866254.5263400365,1165770.7393737258,0.5633332274814618,-68150.91194149911,0.9785834271545466,1.0,,,,,0.4
ensemble_scale,D,698465.9213698631,957094.5130754329,0.6730379234025853,-369612.4862794521,0.8846687820178538,1.0,,,,,0.4
ensemble_scale,C,879566.369800457,1185319.7022667434,0.5485653900281822,9699.257472485957,1.0030480128334103,1.025,,,,,0.4
ensemble_scale,D,680624.4480379452,937420.5913609078,0.6863417550693267,-298733.01544397295,0.9067855015683002,1.025,,,,,0.4
ensemble_scale,C,896748.0253336381,1211475.6412176806,0.5284223455043282,87549.42688647182,1.027512598512274,1.05,,,,,0.4
ensemble_scale,D,670279.0343547945,924387.0418059871,0.6950030981999085,-227853.54460849304,0.9289022211187467,1.05,,,,,0.4
ensemble_scale,C,1128863.6269223036,1466008.5716993143,0.30944724122083567,-1031697.0838254115,0.6757869392979595,0.7,,,,,0.5
ensemble_scale,D,1248539.2917986305,1537138.5253613745,0.15663855120680814,-1217922.9141054796,0.6199681063102699,0.7,,,,,0.5
ensemble_scale,C,1075503.8469540677,1410025.495448534,0.36118107109165176,-954894.9193727148,0.6999221871300295,0.725,,,,,0.5
ensemble_scale,D,1186587.3567208904,1472784.3862594573,0.22577699306234356,-1146963.3281914385,0.6421098243927796,0.725,,,,,0.5
ensemble_scale,C,1026580.4443121571,1357708.3263769196,0.40770671604351216,-878092.7549200184,0.7240574349620996,0.75,,,,,0.5
ensemble_scale,D,1126690.6293184932,1410110.7471515576,0.2902683459470169,-1076003.7422773973,0.6642515424752891,0.75,,,,,0.5
ensemble_scale,C,982303.3785303929,1309496.520572263,0.4490241760764163,-801290.5904673216,0.7481926827941695,0.775,,,,,0.5
ensemble_scale,D,1067394.3469126713,1349351.7920165127,0.3501126098608278,-1005044.1563633562,0.6863932605577989,0.775,,,,,0.5
ensemble_scale,C,943794.3330274223,1265859.238402052,0.4851334511903648,-724488.4260146251,0.7723279306262395,0.8,,,,,0.5
ensemble_scale,D,1011362.3020109588,1290777.9307716708,0.4053097848037768,-934084.570449315,0.7085349786403086,0.8,,,,,0.5
ensemble_scale,C,910452.2053183274,1227284.531673115,0.5160345413853571,-647686.2615619288,0.7964631784583094,0.825,,,,,0.5
ensemble_scale,D,958619.7550859592,1234700.1834775074,0.4558598707758633,-863124.9845352741,0.7306766967228181,0.825,,,,,0.5
ensemble_scale,C,884570.5820836381,1194263.0648645565,0.5417274466613937,-570884.0971092323,0.8205984262903796,0.85,,,,,0.5
ensemble_scale,D,908579.1884116438,1181474.0319426223,0.501762867777088,-792165.3986212328,0.7528184148053277,0.85,,,,,0.5
ensemble_scale,C,863286.0788448355,1167266.2295700088,0.5622121670184742,-494081.9326565356,0.8447336741224495,0.875,,,,,0.5
ensemble_scale,D,863856.5871729453,1131501.9672069927,0.5430187758074506,-721205.8127071918,0.7749601328878375,0.875,,,,,0.5
ensemble_scale,C,847761.5672824496,1146719.6124026128,0.5774887024565989,-417279.76820383896,0.8688689219545195,0.9,,,,,0.5
ensemble_scale,D,822564.2776972603,1085233.6080287066,0.5796275948669509,-650246.2267931507,0.797101850970347,0.9,,,,,0.5
ensemble_scale,C,838233.4507639398,1132974.1940672463,0.5875570529757674,-340477.60375114245,0.8930041697865894,0.925,,,,,0.5
ensemble_scale,D,784095.8041681506,1043161.8928813911,0.6115893249555893,-579286.6408791095,0.8192435690528567,0.925,,,,,0.5
ensemble_scale,C,833740.498834095,1126279.0131912993,0.5924172185759803,-263675.4392984463,0.9171394176186592,0.95,,,,,0.5
ensemble_scale,D,749685.9133404111,1005813.5781982373,0.6389039660733652,-508327.05496506864,0.8413852871353662,0.95,,,,,0.5
ensemble_scale,C,835069.1014074497,1126759.7538372239,0.5920691992572371,-186873.27484574963,0.9412746654507295,0.975,,,,,0.5
ensemble_scale,D,718672.4245113013,973732.3256312117,0.6615715182202792,-437367.46905102744,0.8635270052178758,0.975,,,,,0.5
ensemble_scale,C,841021.5723857405,1134407.2929767286,0.586512995019538,-110071.11039305302,0.9654099132827995,1.0,,,,,0.5
ensemble_scale,D,692025.5177397261,947453.3225618909,0.6795919813963309,-366407.88313698635,0.8856687233003857,1.0,,,,,0.5
ensemble_scale,C,850634.5865738116,1149078.546501313,0.575748605862883,-33268.945940356774,0.9895451611148692,1.025,,,,,0.5
ensemble_scale,D,673223.8975606166,927469.9043371367,0.6929653556015205,-295448.2972229455,0.9078104413828951,1.025,,,,,0.5
ensemble_scale,C,866189.6181540219,1170509.4369032937,0.559776031787272,43533.21851234016,1.0136804089469393,1.05,,,,,0.5
ensemble_scale,D,663201.1036924658,914195.0103954189,0.7016916408358482,-224488.71130890402,0.929952159465405,1.05,,,,,0.5
ensemble_scale,C,1144312.6962025594,1480491.7718602607,0.29573542845886114,-1061041.2227414993,0.6665654795877366,0.7,,,,,0.6
ensemble_scale,D,1245394.075461918,1532641.655585277,0.1615658093854112,-1215679.6919057537,0.620668065208042,0.7,,,,,0.6
ensemble_scale,C,1088405.620136746,1423042.3742958226,0.34933190773506484,-985287.0632500914,0.6903713895730127,0.725,,,,,0.6
ensemble_scale,D,1183202.7194545206,1468001.4438882358,0.23079748501561903,-1144639.9909131508,0.642834781822615,0.725,,,,,0.6
ensemble_scale,C,1037277.0069817185,1368922.0725534311,0.39788243360983166,-909532.9037586836,0.714177299558289,0.75,,,,,0.6
ensemble_scale,D,1122823.8343013697,1405027.2201375132,0.2953763654865713,-1073600.289920548,0.6650014984371878,0.75,,,,,0.6
ensemble_scale,C,990134.1615654478,1318540.86458987,0.44138700608316206,-833778.744267276,0.7379832095435654,0.775,,,,,0.6
ensemble_scale,D,1063826.5383145204,1343953.1965970343,0.35530245079826794,-1002560.5889279452,0.687168215051761,0.775,,,,,0.6
ensemble_scale,C,948039.1206457037,1272343.0007862481,0.4798456251550558,-758024.5847758682,0.7617891195288418,0.8,,,,,0.6
ensemble_scale,D,1007027.6212745206,1285050.331779289,0.4105757409507088,-931520.8879353424,0.7093349316663338,0.8,,,,,0.6
ensemble_scale,C,911707.9988734919,1230799.6347468742,0.5132582908255128,-682270.4252844609,0.7855950295141179,0.825,,,,,0.6
ensemble_scale,D,954580.2759660275,1228630.933606741,0.4611962359438939,-860481.1869427399,0.7315016482809068,0.825,,,,,0.6
ensemble_scale,C,882028.514884095,1194396.5419086139,0.5416250030945331,-606516.2657930531,0.8094009394993943,0.85,,,,,0.6
ensemble_scale,D,904770.6088065753,1175052.7826745987,0.5071639357778235,-789441.4859501371,0.7536683648954796,0.85,,,,,0.6
ensemble_scale,C,857672.8576910421,1163616.2541578743,0.5649457619621168,-530762.1063016454,0.8332068494846706,0.875,,,,,0.6
ensemble_scale,D,859933.2067342466,1124721.9960389766,0.5484788404524974,-718401.7849575343,0.7758350815100526,0.875,,,,,0.6
ensemble_scale,C,838334.1416182815,1138914.7482338096,0.5832205674282638,-455007.9468102375,0.857012759469947,0.9,,,,,0.6
ensemble_scale,D,818203.1545534245,1078093.479213708,0.5851409499679157,-647362.0839649314,0.7980017981246255,0.9,,,,,0.6
ensemble_scale,C,825110.2320010968,1120694.0482288164,0.5964494194929741,-379253.78731882985,0.8808186694552232,0.925,,,,,0.6
ensemble_scale,D,780539.5418134247,1035667.4112469561,0.6171502643240783,-576322.3829723287,0.8201685147391985,0.925,,,,,0.6
ensemble_scale,C,816795.9341305302,1109273.557294789,0.6046323181562477,-303499.6278274225,0.9046245794404995,0.95,,,,,0.6
ensemble_scale,D,746004.652721096,997979.8989766585,0.644506783520985,-505282.6819797261,0.8423352313537714,0.95,,,,,0.6
ensemble_scale,C,814105.1655243145,1104864.1677954397,0.6077692634180849,-227745.46833601475,0.9284304894257758,0.975,,,,,0.6
ensemble_scale,D,714104.170179726,965585.9495925708,0.6672105075586363,-434242.98098712345,0.8645019479683445,0.975,,,,,0.6
ensemble_scale,C,816915.7729469836,1107549.6209335795,0.6058602552784851,-151991.30884460697,0.9522363994110521,1.0,,,,,0.6
ensemble_scale,D,687153.3354356164,939033.5609478225,0.6852614364370319,-363203.2799945206,0.8866686645829173,1.0,,,,,0.6
ensemble_scale,C,824021.4127718464,1117278.7591146862,0.5989052937374488,-76237.14935319954,0.9760423093963283,1.025,,,,,0.6
ensemble_scale,D,667629.3590901371,918829.3020843127,0.6986595701561717,-292163.5790019181,0.9088353811974901,1.025,,,,,0.6
ensemble_scale,C,836936.6719458866,1133870.282481432,0.5869043787949759,-482.98986179148693,0.9998482193816048,1.05,,,,,0.6
ensemble_scale,D,657392.4729890412,905398.2545807,0.707404908716056,-221123.87800931497,0.931002097812063,1.05,,,,,0.6
ensemble_scale,C,1161819.7012385742,1496788.310541384,0.28014568713011345,-1090385.361657587,0.6573440198775135,0.7,,,,,0.7
ensemble_scale,D,1242540.2277120547,1528528.8445667583,0.16605961211702236,-1213436.4697060275,0.6213680241058142,0.7,,,,,0.7
ensemble_scale,C,1103598.3603334096,1438122.6765269265,0.3354682827398856,-1015679.2071274682,0.6808205920159961,0.725,,,,,0.7
ensemble_scale,D,1180257.5741781509,1463647.944990199,0.23535300754170052,-1142316.653634863,0.6435597392524504,0.725,,,,,0.7
ensemble_scale,C,1050753.187178702,1382473.4177595521,0.3859023658316414,-940973.0525973492,0.7042971641544788,0.75,,,,,0.7
ensemble_scale,D,1119370.9444390412,1400423.0521270789,0.2999867958650383,-1071196.8375636986,0.6657514543990868,0.75,,,,,0.7
ensemble_scale,C,1001258.0049838665,1330219.155171714,0.4314479364053809,-866266.8980672301,0.7277737362929614,0.775,,,,,0.7
ensemble_scale,D,1060313.2216374658,1339088.750918796,0.35996097708703545,-1000077.0214925341,0.687943169545723,0.775,,,,,0.7
ensemble_scale,C,955961.7804292503,1281775.1685310828,0.4721049944611042,-791560.7435371114,0.7512503084314441,0.8,,,,,0.7
ensemble_scale,D,1003013.5647704108,1279916.8647217082,0.41527555120769233,-928957.2054213696,0.7101348846923592,0.8,,,,,0.7
ensemble_scale,C,916277.8803398081,1237588.9852625504,0.507873539998811,-716854.5890069928,0.7747268805699266,0.825,,,,,0.7
ensemble_scale,D,950782.308567603,1223221.2466329553,0.46593051822700826,-857837.3893502058,0.7323265998389954,0.825,,,,,0.7
ensemble_scale,C,883444.7465668191,1198131.771603882,0.5387535730185018,-642148.434476874,0.7982034527084091,0.85,,,,,0.7
ensemble_scale,D,901575.2086138357,1169362.1319689474,0.511925878144984,-786717.5732790411,0.7545183149856316,0.85,,,,,0.7
ensemble_scale,C,855822.8042269195,1163884.5817834735,0.5647450935201761,-567442.279946755,0.8216800248468918,0.875,,,,,0.7
ensemble_scale,D,856320.5086010274,1118749.2627953282,0.5532616309616193,-715597.7572078768,0.7767100301322678,0.875,,,,,0.7
ensemble_scale,C,833235.8964645339,1135318.998873484,0.5858481015038342,-492736.1254166361,0.8451565969853746,0.9,,,,,0.7
ensemble_scale,D,814704.5226753424,1071842.6051341053,0.589937776676914,-644477.9411367123,0.798901745278904,0.9,,,,,0.7
ensemble_scale,C,815374.5664744516,1112872.6210110728,0.602062596969476,-418029.97088651714,0.8686331691238571,0.925,,,,,0.7
ensemble_scale,D,777064.3160762328,1029149.050045565,0.6219543152908683,-573358.1250655478,0.8210934604255402,0.925,,,,,0.7
ensemble_scale,C,803284.9888454296,1096921.1657599579,0.6133885799171013,-343323.8163563987,0.8921097412623396,0.95,,,,,0.7
ensemble_scale,D,742509.7301173974,991213.147659049,0.6493112468034821,-502238.30899438367,0.8432851755721765,0.95,,,,,0.7
ensemble_scale,C,797406.2462532449,1087750.4075345045,0.6198260503467105,-268617.6618262798,0.9155863134008223,0.975,,,,,0.7
ensemble_scale,D,710420.4907128083,958599.9065449976,0.6720085712147552,-431118.4929232192,0.8654768907188127,0.975,,,,,0.7
ensemble_scale,C,796103.3818117002,1085532.2133377441,0.6213750082583033,-193911.5072961609,0.9390628855393048,1.0,,,,,0.7
ensemble_scale,D,684028.269191781,931868.336954016,0.6900462885246881,-359998.67685205484,0.8876686058654488,1.0,,,,,0.7
ensemble_scale,C,800281.9244240859,1090309.018214363,0.61803545365188,-119205.35276604227,0.9625394576777876,1.025,,,,,0.7
ensemble_scale,D,664195.464416096,911536.0409003347,0.7034243987332802,-288878.8607808907,0.9098603210120851,1.025,,,,,0.7
ensemble_scale,C,809833.6507812614,1101989.8620714985,0.60980738652744,-44499.198235923046,0.9860160298162703,1.05,,,,,0.7
ensemble_scale,D,653857.1072160273,898037.7776889551,0.7121429018405321,-217759.04470972595,0.9320520361587215,1.05,,,,,0.7
ensemble_scale,C,1180626.951173309,1514839.6655679608,0.2626780172345923,-1119729.5005736747,0.6481225601672903,0.7,,,,,0.8
ensemble_scale,D,1239862.9234482194,1524803.200043328,0.17011995940164149,-1211193.2475063016,0.6220679830035863,0.7,,,,,0.8
ensemble_scale,C,1121481.1945165447,1455202.2536105833,0.31959019610611406,-1046071.3510048446,0.6712697944589793,0.725,,,,,0.8
ensemble_scale,D,1177387.5613343837,1459727.7318931462,0.2394435606405878,-1139993.3163565753,0.6442846966822858,0.725,,,,,0.8
ensemble_scale,C,1066168.2404341865,1398294.4002521804,0.3717665127089409,-972413.2014360147,0.6944170287506682,0.75,,,,,0.8
ensemble_scale,D,1116725.7382863013,1396302.9850419464,0.3040996370824176,-1068793.3852068493,0.6665014103609853,0.75,,,,,0.8
ensemble_scale,C,1015869.1615677332,1344462.757002924,0.4192069670430729,-898755.0518671845,0.7175642630423572,0.775,,,,,0.8
ensemble_scale,D,1057053.0453067124,1334764.2949973599,0.36408818872713067,-997593.4540571233,0.6887181240396849,0.775,,,,,0.8
ensemble_scale,C,968115.6077681901,1294091.2736307348,0.4619115591085101,-825096.9022983545,0.7407114973340463,0.8,,,,,0.8
ensemble_scale,D,999855.0149139725,1275384.7038231855,0.419409215574727,-926393.522907397,0.7109348377183845,0.8,,,,,0.8
ensemble_scale,C,924807.3217470751,1247599.1296624679,0.49988028890525216,-751438.7527295249,0.7638587316257351,0.825,,,,,0.8
ensemble_scale,D,947250.6461636988,1218479.907374807,0.4700627176252067,-855193.5917576713,0.733151551397084,0.825,,,,,0.8
ensemble_scale,C,888592.1271504571,1205435.2726338694,0.5331131564332996,-677780.6031606947,0.7870059659174239,0.85,,,,,0.8
ensemble_scale,D,898683.9412265753,1164412.7914917835,0.5160486948785699,-783993.6606079453,0.7553682650757834,0.85,,,,,0.8
ensemble_scale,C,858259.9138752285,1168068.5121230045,0.5616101616926523,-604122.4535918648,0.810153200209113,0.875,,,,,0.8
ensemble_scale,D,853126.1679856164,1113596.7563201971,0.5573671473348163,-712793.7294582193,0.7775849787544832,0.875,,,,,0.8
ensemble_scale,C,832144.8656932359,1135972.3349820732,0.58537130468331,-530464.3040230348,0.8333004345008018,0.9,,,,,0.8
ensemble_scale,D,811549.9018953423,1066496.6220141759,0.5940180749939463,-641593.798308493,0.7998016924331824,0.9,,,,,0.8
ensemble_scale,C,810989.3937788848,1109604.2028597458,0.6043965854052729,-456806.15445420466,0.8564476687924908,0.925,,,,,0.8
ensemble_scale,D,773897.2908368492,1023625.4570066332,0.6260014778559595,-570393.867158767,0.822018406111882,0.925,,,,,0.8
ensemble_scale,C,794710.2174985374,1089380.1322272294,0.6186860038585409,-383148.004885375,0.8795949030841796,0.95,,,,,0.8
ensemble_scale,D,739170.8449312331,985535.3012855687,0.653317355920856,-499193.93600904127,0.8442351197905814,0.95,,,,,0.8
ensemble_scale,C,783956.8048830895,1075646.736762044,0.6282395600431141,-309489.8553165449,0.9027421373758686,0.975,,,,,0.8
ensemble_scale,D,707747.731859041,952799.7199367984,0.6759657091886361,-427994.0048593151,0.8664518334692809,0.975,,,,,0.8
ensemble_scale,C,779139.8318318098,1068654.282941994,0.6330572539589925,-235831.70574771485,0.9258893716675576,1.0,,,,,0.8
ensemble_scale,D,682895.2957589041,925986.773624145,0.6939465376592994,-356794.073709589,0.8886685471479805,1.0,,,,,0.8
ensemble_scale,C,780223.6182211152,1068535.1163727453,0.6331390856061758,-162173.55617888513,0.9490366059592464,1.025,,,,,0.8
ensemble_scale,D,663434.4994990411,905622.6730408599,0.707259841332846,-285594.1425598632,0.91088526082668,1.025,,,,,0.8
ensemble_scale,C,786659.2722499087,1075291.5222027835,0.6284850549846644,-88515.40661005472,0.9721838402509356,1.05,,,,,0.8
ensemble_scale,D,651877.3902835617,892149.1295226924,0.7159056202092762,-214394.21141013684,0.9331019745053796,1.05,,,,,0.8
ensemble_scale,C,1201034.4195,1534583.9123228474,0.24333241877229816,-1149073.6394897623,0.6389011004570673,0.7,,,,,0.9
ensemble_scale,D,1237268.8846802742,1521467.566201966,0.17374685123926858,-1208950.0253065755,0.6227679419013585,0.7,,,,,0.9
ensemble_scale,C,1141117.7107718925,1474211.6189877694,0.3016976478337503,-1076463.4948822213,0.6617189969019626,0.725,,,,,0.9
ensemble_scale,D,1174854.4292789728,1456244.303820473,0.243069144312281,-1137669.9790782877,0.6450096541121213,0.725,,,,,0.9
ensemble_scale,C,1083713.28101234,1416308.9626273157,0.3554748742417304,-1003853.3502746801,0.6845368933468577,0.75,,,,,0.9
ensemble_scale,D,1114218.5460417808,1392671.315369039,0.30771488913870904,-1066389.93285,0.6672513663228841,0.75,,,,,0.9
ensemble_scale,C,1031448.4926897167,1361191.141662282,0.4046640979962379,-931243.2056671388,0.7073547897917531,0.775,,,,,0.9
ensemble_scale,D,1054300.8377932191,1330985.0922271817,0.36768408571855316,-995109.8866217121,0.689493078533647,0.775,,,,,0.9
ensemble_scale,C,982841.578217916,1309209.928591572,0.4492653190972733,-858633.0610595978,0.7301726862366484,0.8,,,,,0.9
ensemble_scale,D,997206.3331364384,1271460.2792251843,0.42297673405181313,-923829.8403934247,0.7117347907444099,0.8,,,,,0.9
ensemble_scale,C,937998.7419770111,1260753.3527883685,0.4892785375448362,-786022.9164520567,0.7529905826815435,0.825,,,,,0.9
ensemble_scale,D,944300.2213537672,1214414.7439820066,0.47359283413848885,-852549.7941651372,0.7339765029551726,0.825,,,,,0.9
ensemble_scale,C,898153.6314468922,1216242.7646127872,0.5247037533389269,-713412.7718445156,0.7758084791264388,0.85,,,,,0.9
ensemble_scale,D,895825.125160137,1160214.2483142912,0.5195323859785808,-781269.7479368494,0.7562182151659352,0.85,,,,,0.9
ensemble_scale,C,864751.7087968463,1176126.2580353688,0.5555409664795453,-640802.6272369744,0.7986263755713341,0.875,,,,,0.9
ensemble_scale,D,850518.351635274,1109275.906354782,0.5607953895720885,-709989.7017085616,0.7784599273766982,0.875,,,,,0.9
ensemble_scale,C,835848.8789113346,1140867.4566614132,0.5817901769666913,-568192.4826294332,0.8214442720162295,0.9,,,,,0.9
ensemble_scale,D,808819.8371613699,1062069.1943955747,0.5973818449190123,-638709.655480274,0.8007016395874609,0.9,,,,,0.9
ensemble_scale,C,811095.1280366088,1110928.9801600121,0.6034513848003651,-495582.33802189195,0.8442621684611247,0.925,,,,,0.9
ensemble_scale,D,771174.9765678766,1019112.8071936008,0.6292917520193517,-567429.6092519861,0.8229433517982238,0.925,,,,,0.9
ensemble_scale,C,791634.4181991774,1086750.6202947977,0.6205245899805665,-422972.19341435115,0.8670800649060199,0.95,,,,,0.9
ensemble_scale,D,736437.2933886303,980965.2678485068,0.6565251108731072,-496149.5630236988,0.8451850640089864,0.95,,,,,0.9
ensemble_scale,C,777183.8162078153,1068723.3921480202,0.6330097925072956,-350362.04880680994,0.8898979613509153,0.975,,,,,0.9
ensemble_scale,D,707129.3993471919,948207.1516822039,0.6790819214802786,-424869.516795411,0.8674267762197494,0.975,,,,,0.9
ensemble_scale,C,767612.7377568556,1057162.0186135585,0.6409069923805525,-277751.9041992687,0.9127158577958105,1.0,,,,,0.9
ensemble_scale,D,682780.0778273973,921413.4528617312,0.696962183840866,-353589.4705671234,0.8896684884305122,1.0,,,,,0.9
ensemble_scale,C,764343.6453343235,1052279.6418895961,0.6442161896003369,-205141.75959172784,0.9355337542407056,1.025,,,,,0.9
ensemble_scale,D,663985.6497277397,901116.3646083629,0.7101658979548692,-282309.4243388359,0.9119102006412749,1.025,,,,,0.9
ensemble_scale,C,767489.7128854662,1054169.067243476,0.642937384166649,-132531.61498418634,0.9583516506856009,1.05,,,,,0.9
ensemble_scale,D,652071.3333716438,887761.5991089727,0.7186930638222885,-211029.37811054784,0.9341519128520378,1.05,,,,,0.9
ensemble_scale,C,1223206.5644460695,1555956.6065027227,0.22210889174323034,-1178417.7784058503,0.6296796407468442,0.7,,,,,1.0
ensemble_scale,D,1234827.5236328768,1518524.51317029,0.176940287629904,-1206706.8031068495,0.6234679007991307,0.7,,,,,1.0
ensemble_scale,C,1162176.1391563073,1495077.1647900422,0.28179063792279435,-1106855.638759598,0.6521681993449457,0.725,,,,,1.0
ensemble_scale,D,1172415.1353767123,1453200.8017920402,0.24622975855677987,-1135346.6418,0.6457346115419569,0.725,,,,,1.0
ensemble_scale,C,1103847.0395429616,1436434.5771170205,0.3370274504300096,-1035293.4991133455,0.6746567579430475,0.75,,,,,1.0
ensemble_scale,D,1111744.4841643835,1389531.872528644,0.310832552033913,-1063986.4804931507,0.6680013222847828,0.75,,,,,1.0
ensemble_scale,C,1049523.435108775,1380313.970914457,0.38781932926487617,-963731.3594670933,0.697145316541149,0.775,,,,,1.0
ensemble_scale,D,1051984.9693164383,1327755.7984926528,0.37074866806130313,-992626.3191863013,0.6902680330276091,0.775,,,,,1.0
ensemble_scale,C,999404.0269798901,1327035.350158194,0.434166274427394,-892169.2198208409,0.7196338751392506,0.8,,,,,1.0
ensemble_scale,D,995161.6679506848,1268149.2330568722,0.42597810663895064,-921266.1578794519,0.7125347437704352,0.8,,,,,1.0
ensemble_scale,C,952807.6020840951,1276954.4945458653,0.4760682859175629,-820607.0801745887,0.7421224337373521,0.825,,,,,1.0
ensemble_scale,D,942082.71180274,1211032.5657836683,0.476520867766855,-849905.9965726028,0.7348014545132612,0.825,,,,,1.0
ensemble_scale,C,911690.7476489944,1230461.9214001917,0.5135253637353834,-749044.9405283364,0.7646109923354536,0.85,,,,,1.0
ensemble_scale,D,893573.6624219179,1156774.677579167,0.5223769514450167,-778545.8352657536,0.7570681652560872,0.85,,,,,1.0
ensemble_scale,C,875366.5875731262,1187978.996950021,0.5465375078808552,-677482.8008820842,0.7870995509335554,0.875,,,,,1.0
ensemble_scale,D,848331.901869863,1105796.4619233352,0.5635463576734359,-707185.6739589041,0.7793348759989135,0.875,,,,,1.0
ensemble_scale,C,843521.1101206582,1149950.1957373917,0.5751047183539781,-605920.6612358318,0.8095881095316568,0.9,,,,,1.0
ensemble_scale,D,806561.0378630138,1058571.8477882908,0.6000290864521118,-635825.5126520547,0.8016015867417395,0.9,,,,,1.0
ensemble_scale,C,815990.0144890312,1116830.6077745687,0.5992269951547524,-534358.5215895795,0.8320766681297586,0.925,,,,,1.0
ensemble_scale,D,769126.4726438356,1015624.5762444098,0.6318251377810451,-564465.3513452054,0.8238682974845656,0.925,,,,,1.0
ensemble_scale,C,793504.9519506398,1089068.2065652828,0.618904338283178,-462796.38194332743,0.85456522672786,0.95,,,,,1.0
ensemble_scale,D,735689.3757068494,977518.585003542,0.6589345116602354,-493105.1900383563,0.8461350082273916,0.95,,,,,1.0
ensemble_scale,C,775872.4807577698,1067081.2100979432,0.6341367477392551,-391234.24229707505,0.8770537853259616,0.975,,,,,1.0
ensemble_scale,D,707319.6778863015,944839.8115008632,0.681357208089683,-421745.02873150696,0.8684017189702177,0.975,,,,,1.0
ensemble_scale,C,763120.1262340037,1051232.0665012174,0.6449242235229834,-319672.10265082266,0.8995423439240632,1.0,,,,,1.0
ensemble_scale,D,683628.8723013699,918167.923628688,0.6990932270693878,-350384.86742465757,0.8906684297130439,1.0,,,,,1.0
ensemble_scale,C,756248.4880776965,1041800.9429062305,0.651266765634363,-248109.9630045706,0.9220309025221647,1.025,,,,,1.0
ensemble_scale,D,665673.0280068493,898038.2975008446,0.7121425685993497,-279024.70611780847,0.9129351404558697,1.025,,,,,1.0
ensemble_scale,C,754926.7951901279,1038962.6316397341,0.6531643740733939,-176547.82335831795,0.9445194611202662,1.05,,,,,1.0
ensemble_scale,D,653293.8316575342,884897.5154162116,0.7205052326795689,-207664.5448109588,0.9352018511986961,1.05,,,,,1.0
