Date,actual_Revenue,pred_Revenue_direct,pred_Revenue_component,pred_Revenue_current,actual_COGS,pred_COGS_current,horizon_day,fold,train_end,validation_start,validation_end,model_mode
2022-01-01,2932155.47,2077176.01,1852598.9,2077176.01,3019583.5,2221597.95,1,D,2021-12-31,2022-01-01,2022-12-31,fast
2022-01-02,2361965.0,739695.97,783900.15,739695.97,2368851.11,1006355.36,2,D,2021-12-31,2022-01-01,2022-12-31,fast
2022-01-03,545563.72,561578.9,640846.86,561578.9,476501.31,521333.23,3,D,2021-12-31,2022-01-01,2022-12-31,fast
2022-01-04,1242319.38,685073.56,675377.26,685073.56,1057834.07,581210.92,4,D,2021-12-31,2022-01-01,2022-12-31,fast
2022-01-05,809977.6,758099.84,872996.31,758099.84,684605.3,755834.45,5,D,2021-12-31,2022-01-01,2022-12-31,fast
2022-01-06,993048.62,703916.0,893997.78,703916.0,827696.4,764176.5,6,D,2021-12-31,2022-01-01,2022-12-31,fast
2022-01-07,1294963.64,718752.86,851619.66,718752.86,1109631.82,822130.98,7,D,2021-12-31,2022-01-01,2022-12-31,fast
2022-01-08,1641747.05,816537.87,937684.09,816537.87,1369252.03,932290.37,8,D,2021-12-31,2022-01-01,2022-12-31,fast
2022-01-09,1706485.37,880182.54,970368.85,880182.54,1491356.56,969397.96,9,D,2021-12-31,2022-01-01,2022-12-31,fast
2022-01-10,2569113.21,1081024.13,1004702.84,1081024.13,2158709.88,896174.36,10,D,2021-12-31,2022-01-01,2022-12-31,fast
2022-01-11,1640806.35,983492.68,986337.56,983492.68,1336967.26,1135819.0,11,D,2021-12-31,2022-01-01,2022-12-31,fast
2022-01-12,1775526.5,984571.95,1071192.21,984571.95,1506945.6,992182.89,12,D,2021-12-31,2022-01-01,2022-12-31,fast
2022-01-13,1173172.99,1118053.81,1067102.88,1118053.81,946254.56,1168377.25,13,D,2021-12-31,2022-01-01,2022-12-31,fast
2022-01-14,1548726.82,1091422.71,1088617.81,1091422.71,1300219.1,1065991.93,14,D,2021-12-31,2022-01-01,2022-12-31,fast
2022-01-15,1461990.71,967135.56,1015209.61,967135.56,1263054.33,1005724.38,15,D,2021-12-31,2022-01-01,2022-12-31,fast
2022-01-16,2064339.13,1199887.57,1099380.27,1199887.57,1781850.02,998978.52,16,D,2021-12-31,2022-01-01,2022-12-31,fast
2022-01-17,1621773.2,1397074.16,1279773.24,1397074.16,1340632.16,1089213.38,17,D,2021-12-31,2022-01-01,2022-12-31,fast
2022-01-18,1861205.18,1453572.33,1515215.7,1453572.33,1606509.55,1281620.07,18,D,2021-12-31,2022-01-01,2022-12-31,fast
2022-01-19,2020862.53,1116125.85,1141651.11,1116125.85,1738187.82,1188563.9,19,D,2021-12-31,2022-01-01,2022-12-31,fast
2022-01-20,1249233.56,1307911.08,1331974.09,1307911.08,1043117.49,1532365.11,20,D,2021-12-31,2022-01-01,2022-12-31,fast
2022-01-21,1580948.85,1265256.13,1391397.49,1265256.13,1245282.02,1525711.03,21,D,2021-12-31,2022-01-01,2022-12-31,fast
2022-01-22,1758593.8,1412165.48,1596372.57,1412165.48,1468639.94,1474656.61,22,D,2021-12-31,2022-01-01,2022-12-31,fast
2022-01-23,1785338.17,1586760.61,1458263.24,1586760.61,1512426.38,1417796.12,23,D,2021-12-31,2022-01-01,2022-12-31,fast
2022-01-24,1915906.28,1635489.73,1613527.33,1635489.73,1601822.71,1519422.41,24,D,2021-12-31,2022-01-01,2022-12-31,fast
2022-01-25,2471179.3,1663508.35,1717702.4,1663508.35,1957064.07,1711939.41,25,D,2021-12-31,2022-01-01,2022-12-31,fast
2022-01-26,2278973.82,1642446.92,1722400.29,1642446.92,1903209.07,1870193.68,26,D,2021-12-31,2022-01-01,2022-12-31,fast
2022-01-27,1604489.99,1785793.71,1803409.04,1785793.71,1290075.13,1951146.85,27,D,2021-12-31,2022-01-01,2022-12-31,fast
2022-01-28,2792317.48,2127257.11,2125925.15,2127257.11,2306948.5,2195397.81,28,D,2021-12-31,2022-01-01,2022-12-31,fast
2022-01-29,3897632.5,2011527.53,2114324.5,2011527.53,3247780.03,2194238.42,29,D,2021-12-31,2022-01-01,2022-12-31,fast
2022-01-30,3903300.55,2373910.01,2033257.7,2373910.01,3262713.48,2300910.91,30,D,2021-12-31,2022-01-01,2022-12-31,fast
2022-01-31,3159829.55,2046995.32,2002485.09,2046995.32,2627738.4,2092560.4,31,D,2021-12-31,2022-01-01,2022-12-31,fast
2022-02-01,3672475.88,1680890.79,1677272.83,1680890.79,3092119.13,1846121.33,32,D,2021-12-31,2022-01-01,2022-12-31,fast
2022-02-02,3072419.17,1058754.6,1169018.15,1058754.6,2457270.01,990261.0,33,D,2021-12-31,2022-01-01,2022-12-31,fast
2022-02-03,1056919.3,907337.39,1099128.43,907337.39,915391.24,947700.54,34,D,2021-12-31,2022-01-01,2022-12-31,fast
2022-02-04,1135262.35,1558245.95,1221624.3,1558245.95,959597.02,1109125.26,35,D,2021-12-31,2022-01-01,2022-12-31,fast
2022-02-05,1325806.77,1213108.14,1318327.09,1213108.14,1094262.79,1249327.63,36,D,2021-12-31,2022-01-01,2022-12-31,fast
2022-02-06,1360544.32,1487316.67,1491673.74,1487316.67,1086414.25,1262701.32,37,D,2021-12-31,2022-01-01,2022-12-31,fast
2022-02-07,1777072.87,1364527.39,1382993.27,1364527.39,1505671.69,1374863.29,38,D,2021-12-31,2022-01-01,2022-12-31,fast
2022-02-08,2324022.32,1232543.77,1352445.17,1232543.77,1858719.97,1448074.06,39,D,2021-12-31,2022-01-01,2022-12-31,fast
2022-02-09,2087968.13,1405212.95,1589842.97,1405212.95,1716217.3,1357096.29,40,D,2021-12-31,2022-01-01,2022-12-31,fast
2022-02-10,1681958.09,1429903.04,1731057.12,1429903.04,1377183.24,1572642.16,41,D,2021-12-31,2022-01-01,2022-12-31,fast
2022-02-11,1868277.55,1576235.86,1724037.46,1576235.86,1450465.3,1836076.29,42,D,2021-12-31,2022-01-01,2022-12-31,fast
2022-02-12,2483675.48,1604644.57,1730141.64,1604644.57,2002526.57,1804790.78,43,D,2021-12-31,2022-01-01,2022-12-31,fast
2022-02-13,2471088.82,1799626.6,1883727.23,1799626.6,2037847.39,1975306.62,44,D,2021-12-31,2022-01-01,2022-12-31,fast
2022-02-14,2477651.08,2058710.4,2231344.92,2058710.4,2066561.36,2149719.94,45,D,2021-12-31,2022-01-01,2022-12-31,fast
2022-02-15,2911470.49,1790079.46,2015312.67,1790079.46,2304155.38,1852452.99,46,D,2021-12-31,2022-01-01,2022-12-31,fast
2022-02-16,3189077.73,2030560.83,1866380.77,2030560.83,2624063.44,1935655.22,47,D,2021-12-31,2022-01-01,2022-12-31,fast
2022-02-17,2365001.98,1888975.78,1849104.61,1888975.78,1930644.21,2050096.92,48,D,2021-12-31,2022-01-01,2022-12-31,fast
2022-02-18,2218074.92,2163017.41,1924033.67,2163017.41,1902787.38,2071411.99,49,D,2021-12-31,2022-01-01,2022-12-31,fast
2022-02-19,2497284.24,1675516.61,2070654.81,1675516.61,2073056.25,1966868.16,50,D,2021-12-31,2022-01-01,2022-12-31,fast
2022-02-20,3274514.0,2269450.74,2231109.29,2269450.74,2808978.4,2254518.87,51,D,2021-12-31,2022-01-01,2022-12-31,fast
2022-02-21,3231879.49,2567767.25,2778791.23,2567767.25,2662096.96,2460435.92,52,D,2021-12-31,2022-01-01,2022-12-31,fast
2022-02-22,3646117.64,2601932.33,3039840.16,2601932.33,3080342.28,2731864.99,53,D,2021-12-31,2022-01-01,2022-12-31,fast
2022-02-23,3297595.34,2807866.23,3053247.68,2807866.23,2768284.27,3048411.13,54,D,2021-12-31,2022-01-01,2022-12-31,fast
2022-02-24,2768850.97,3293116.59,2858662.05,3293116.59,2337359.85,2900461.07,55,D,2021-12-31,2022-01-01,2022-12-31,fast
2022-02-25,2943786.98,3623581.98,3600414.04,3623581.98,2445090.2,3591924.19,56,D,2021-12-31,2022-01-01,2022-12-31,fast
2022-02-26,6304749.98,3500876.0,3331739.87,3500876.0,4896174.07,3191321.78,57,D,2021-12-31,2022-01-01,2022-12-31,fast
2022-02-27,5652340.75,3299122.23,3210069.35,3299122.23,4889448.26,3158000.06,58,D,2021-12-31,2022-01-01,2022-12-31,fast
2022-02-28,6007208.86,2812199.78,2437951.4,2812199.78,4942844.92,2289057.56,59,D,2021-12-31,2022-01-01,2022-12-31,fast
2022-03-01,4532724.33,1799943.86,1734921.98,1799943.86,3774772.1,2156551.55,60,D,2021-12-31,2022-01-01,2022-12-31,fast
2022-03-02,5221766.09,835168.27,961158.97,835168.27,4446394.75,1443865.53,61,D,2021-12-31,2022-01-01,2022-12-31,fast
2022-03-03,1113577.08,919205.28,1226777.02,919205.28,936517.95,973585.06,62,D,2021-12-31,2022-01-01,2022-12-31,fast
2022-03-04,1265611.41,1285043.45,1457665.35,1285043.45,1001621.35,1257259.82,63,D,2021-12-31,2022-01-01,2022-12-31,fast
2022-03-05,1917604.21,1465022.67,1539247.51,1465022.67,1671253.56,1546120.36,64,D,2021-12-31,2022-01-01,2022-12-31,fast
2022-03-06,2406752.08,1662701.55,1997029.49,1662701.55,1881208.83,1816767.34,65,D,2021-12-31,2022-01-01,2022-12-31,fast
2022-03-07,3077438.94,2240143.7,2402478.88,2240143.7,2603663.56,1912354.08,66,D,2021-12-31,2022-01-01,2022-12-31,fast
2022-03-08,3777839.97,2346701.18,2155913.9,2346701.18,3199498.52,2191441.43,67,D,2021-12-31,2022-01-01,2022-12-31,fast
2022-03-09,4138590.91,2127951.37,2422687.91,2127951.37,3354044.48,2278124.83,68,D,2021-12-31,2022-01-01,2022-12-31,fast
2022-03-10,3544992.79,2426245.92,3042961.56,2426245.92,2897669.69,2540285.35,69,D,2021-12-31,2022-01-01,2022-12-31,fast
2022-03-11,3499825.21,2666146.36,2872249.75,2666146.36,2868355.02,3063370.5,70,D,2021-12-31,2022-01-01,2022-12-31,fast
2022-03-12,3731020.06,2565291.83,2890291.86,2565291.83,3230097.43,2649705.83,71,D,2021-12-31,2022-01-01,2022-12-31,fast
2022-03-13,4026635.22,2583635.86,2819897.3,2583635.86,3346220.86,2708285.92,72,D,2021-12-31,2022-01-01,2022-12-31,fast
2022-03-14,4709281.9,3246541.39,3490945.04,3246541.39,3928279.43,2989361.59,73,D,2021-12-31,2022-01-01,2022-12-31,fast
2022-03-15,4619237.89,3239034.16,3316303.92,3239034.16,3907599.13,3230233.94,74,D,2021-12-31,2022-01-01,2022-12-31,fast
2022-03-16,4519934.96,3631050.38,3342942.96,3631050.38,3787149.37,3076924.47,75,D,2021-12-31,2022-01-01,2022-12-31,fast
2022-03-17,5222281.22,3639437.33,3639548.01,3639437.33,4421275.88,3620606.62,76,D,2021-12-31,2022-01-01,2022-12-31,fast
2022-03-18,4426435.98,3597289.17,3859219.62,3597289.17,3648313.01,3619278.19,77,D,2021-12-31,2022-01-01,2022-12-31,fast
2022-03-19,4313906.61,3644431.25,3394602.92,3644431.25,3587200.12,3290334.41,78,D,2021-12-31,2022-01-01,2022-12-31,fast
2022-03-20,4198964.15,3465641.28,3288880.82,3465641.28,3744253.09,3382464.41,79,D,2021-12-31,2022-01-01,2022-12-31,fast
2022-03-21,4036051.82,3638837.98,3819559.2,3638837.98,3737447.21,3571840.97,80,D,2021-12-31,2022-01-01,2022-12-31,fast
2022-03-22,4626820.15,3922178.7,3904398.3,3922178.7,4342565.79,3812675.14,81,D,2021-12-31,2022-01-01,2022-12-31,fast
2022-03-23,5301842.45,3804624.11,3921222.69,3804624.11,4915987.31,3837141.24,82,D,2021-12-31,2022-01-01,2022-12-31,fast
2022-03-24,5052034.89,4173044.97,4374829.28,4173044.97,4744310.26,3990910.61,83,D,2021-12-31,2022-01-01,2022-12-31,fast
2022-03-25,4122489.22,4379392.3,4352613.47,4379392.3,4014534.97,3996577.45,84,D,2021-12-31,2022-01-01,2022-12-31,fast
2022-03-26,4325007.4,3744431.66,3970045.37,3744431.66,4010228.32,3983168.08,85,D,2021-12-31,2022-01-01,2022-12-31,fast
2022-03-27,5169170.11,4169827.6,3946401.14,4169827.6,4775502.11,3852657.97,86,D,2021-12-31,2022-01-01,2022-12-31,fast
2022-03-28,4855258.01,4325718.46,4266643.6,4325718.46,4607293.73,4367996.05,87,D,2021-12-31,2022-01-01,2022-12-31,fast
2022-03-29,4908504.49,4519984.92,5092617.47,4519984.92,4613958.54,5947887.1,88,D,2021-12-31,2022-01-01,2022-12-31,fast
2022-03-30,11643208.73,7833486.78,7494128.87,7833486.78,10896036.48,7608465.35,89,D,2021-12-31,2022-01-01,2022-12-31,fast
2022-03-31,9233141.0,7388385.93,7022130.19,7388385.93,8773718.15,7662346.2,90,D,2021-12-31,2022-01-01,2022-12-31,fast
2022-04-01,8299060.74,6341465.42,6491191.85,6341465.42,8041756.19,7704003.94,91,D,2021-12-31,2022-01-01,2022-12-31,fast
2022-04-02,8289456.22,5686107.65,5862284.95,5686107.65,7808017.19,7609733.55,92,D,2021-12-31,2022-01-01,2022-12-31,fast
2022-04-03,6547965.12,5317405.38,4982029.94,5317405.38,6148445.74,6279156.39,93,D,2021-12-31,2022-01-01,2022-12-31,fast
2022-04-04,1974536.55,1827630.81,2214899.49,1827630.81,1802524.97,2433584.07,94,D,2021-12-31,2022-01-01,2022-12-31,fast
2022-04-05,3017582.3,1889533.91,2205032.27,1889533.91,2782222.29,2458843.7,95,D,2021-12-31,2022-01-01,2022-12-31,fast
2022-04-06,2934004.6,2352128.48,2526668.83,2352128.48,2645021.55,2953854.3,96,D,2021-12-31,2022-01-01,2022-12-31,fast
2022-04-07,1947894.58,2723902.46,2870316.52,2723902.46,1833343.52,2992010.88,97,D,2021-12-31,2022-01-01,2022-12-31,fast
2022-04-08,2516364.3,3017922.25,2858270.69,3017922.25,2311523.71,3145850.55,98,D,2021-12-31,2022-01-01,2022-12-31,fast
2022-04-09,3523261.24,2924977.6,2736436.8,2924977.6,3380510.41,2980077.83,99,D,2021-12-31,2022-01-01,2022-12-31,fast
2022-04-10,3747690.93,3007149.59,2933419.6,3007149.59,3511278.1,2950068.39,100,D,2021-12-31,2022-01-01,2022-12-31,fast
2022-04-11,4187283.4,3308888.58,3161628.31,3308888.58,3982564.11,3613982.58,101,D,2021-12-31,2022-01-01,2022-12-31,fast
2022-04-12,4300020.35,3259095.23,3122783.03,3259095.23,4061975.74,3436018.03,102,D,2021-12-31,2022-01-01,2022-12-31,fast
2022-04-13,4888627.31,3710133.94,3528362.96,3710133.94,4546028.85,4053064.46,103,D,2021-12-31,2022-01-01,2022-12-31,fast
2022-04-14,4670014.27,4143613.55,4072755.7,4143613.55,4407778.78,4029741.56,104,D,2021-12-31,2022-01-01,2022-12-31,fast
2022-04-15,4908291.49,3798233.62,3905302.4,3798233.62,4288050.23,3783917.58,105,D,2021-12-31,2022-01-01,2022-12-31,fast
2022-04-16,5147946.06,3848758.76,3612716.72,3848758.76,4540748.11,3708358.02,106,D,2021-12-31,2022-01-01,2022-12-31,fast
2022-04-17,4470361.38,4363805.63,3977048.24,4363805.63,3877207.22,3924956.45,107,D,2021-12-31,2022-01-01,2022-12-31,fast
2022-04-18,3680888.01,3960909.36,4192195.28,3960909.36,2995894.73,3540816.87,108,D,2021-12-31,2022-01-01,2022-12-31,fast
2022-04-19,4426735.65,4411197.77,4117500.64,4411197.77,3630694.51,3807262.97,109,D,2021-12-31,2022-01-01,2022-12-31,fast
2022-04-20,4874458.71,4300432.72,4382598.3,4300432.72,4017615.85,4224572.2,110,D,2021-12-31,2022-01-01,2022-12-31,fast
2022-04-21,2926459.0,4531634.9,4879238.38,4531634.9,2418771.53,4391331.08,111,D,2021-12-31,2022-01-01,2022-12-31,fast
2022-04-22,4609506.19,4244550.08,4125833.8,4244550.08,3890393.56,4113427.08,112,D,2021-12-31,2022-01-01,2022-12-31,fast
2022-04-23,4709847.04,4173759.64,4290766.77,4173759.64,3925675.06,4058234.42,113,D,2021-12-31,2022-01-01,2022-12-31,fast
2022-04-24,5020542.99,4589902.56,4256416.23,4589902.56,4173556.86,4541208.92,114,D,2021-12-31,2022-01-01,2022-12-31,fast
2022-04-25,4873788.42,4428377.46,4569556.09,4428377.46,3954819.04,4512679.86,115,D,2021-12-31,2022-01-01,2022-12-31,fast
2022-04-26,5688161.6,4854278.75,4418027.76,4854278.75,4770812.83,4980589.45,116,D,2021-12-31,2022-01-01,2022-12-31,fast
2022-04-27,5361513.76,5225506.07,4835822.79,5225506.07,4376745.35,5304174.98,117,D,2021-12-31,2022-01-01,2022-12-31,fast
2022-04-28,5590934.3,5806226.72,6861773.63,5806226.72,4645081.23,6414742.01,118,D,2021-12-31,2022-01-01,2022-12-31,fast
2022-04-29,7579535.07,7545414.54,7645915.37,7545414.54,6187238.79,6984589.93,119,D,2021-12-31,2022-01-01,2022-12-31,fast
2022-04-30,6592777.23,6291488.92,6397102.19,6291488.92,5405333.92,6717775.52,120,D,2021-12-31,2022-01-01,2022-12-31,fast
2022-05-01,5680859.44,5840678.96,5936396.94,5840678.96,4706859.17,6541978.34,121,D,2021-12-31,2022-01-01,2022-12-31,fast
2022-05-02,4291036.44,4798476.24,5699857.2,4798476.24,3434252.59,5464099.8,122,D,2021-12-31,2022-01-01,2022-12-31,fast
2022-05-03,5504853.65,4670373.8,4394519.58,4670373.8,4531490.74,4630250.58,123,D,2021-12-31,2022-01-01,2022-12-31,fast
2022-05-04,1792730.62,2075723.39,2211109.56,2075723.39,1492900.17,2411829.03,124,D,2021-12-31,2022-01-01,2022-12-31,fast
2022-05-05,3556300.98,2577158.92,2398779.86,2577158.92,2916616.09,2325947.57,125,D,2021-12-31,2022-01-01,2022-12-31,fast
2022-05-06,2532060.94,2563559.38,2693006.36,2563559.38,2027456.78,2756982.13,126,D,2021-12-31,2022-01-01,2022-12-31,fast
2022-05-07,3620303.23,2533860.91,2528133.24,2533860.91,3000039.1,2670726.58,127,D,2021-12-31,2022-01-01,2022-12-31,fast
2022-05-08,2468343.71,3012616.49,2798149.1,3012616.49,1923320.47,2964318.45,128,D,2021-12-31,2022-01-01,2022-12-31,fast
2022-05-09,2985986.67,2859418.69,3293123.86,2859418.69,2430054.67,2979660.73,129,D,2021-12-31,2022-01-01,2022-12-31,fast
2022-05-10,3668495.19,3456861.98,3382607.18,3456861.98,2955983.75,3410737.88,130,D,2021-12-31,2022-01-01,2022-12-31,fast
2022-05-11,4347378.73,3604526.85,3567208.13,3604526.85,3521156.43,3259050.86,131,D,2021-12-31,2022-01-01,2022-12-31,fast
2022-05-12,4753134.02,3954782.89,3884452.21,3954782.89,3878195.49,3413002.44,132,D,2021-12-31,2022-01-01,2022-12-31,fast
2022-05-13,3479131.38,3976938.03,4335013.32,3976938.03,2953956.65,3714963.04,133,D,2021-12-31,2022-01-01,2022-12-31,fast
2022-05-14,4406804.98,3583425.98,4045371.74,3583425.98,3730445.32,3527732.14,134,D,2021-12-31,2022-01-01,2022-12-31,fast
2022-05-15,4455089.7,4184083.95,3977768.58,4184083.95,3604418.84,3762666.13,135,D,2021-12-31,2022-01-01,2022-12-31,fast
2022-05-16,4323621.35,4213219.27,4406359.39,4213219.27,3469983.75,3935942.69,136,D,2021-12-31,2022-01-01,2022-12-31,fast
2022-05-17,4158982.96,3959777.93,4452977.13,3959777.93,3363524.3,3614583.05,137,D,2021-12-31,2022-01-01,2022-12-31,fast
2022-05-18,6094171.87,4390498.5,4108743.67,4390498.5,4997123.61,3725429.45,138,D,2021-12-31,2022-01-01,2022-12-31,fast
2022-05-19,5824908.18,4393201.81,4284308.62,4393201.81,4737898.72,3874046.37,139,D,2021-12-31,2022-01-01,2022-12-31,fast
2022-05-20,2226534.2,4749969.54,4937900.76,4749969.54,1797128.71,4504545.27,140,D,2021-12-31,2022-01-01,2022-12-31,fast
2022-05-21,4033154.28,4404518.19,4313622.53,4404518.19,3341369.82,4032427.78,141,D,2021-12-31,2022-01-01,2022-12-31,fast
2022-05-22,5000275.74,4390084.06,4060836.62,4390084.06,4124194.76,4098404.4,142,D,2021-12-31,2022-01-01,2022-12-31,fast
2022-05-23,3647180.26,4461480.52,4467510.68,4461480.52,3055864.88,4361930.41,143,D,2021-12-31,2022-01-01,2022-12-31,fast
2022-05-24,4442598.36,4556296.58,4538276.79,4556296.58,3584450.45,3992433.66,144,D,2021-12-31,2022-01-01,2022-12-31,fast
2022-05-25,6573956.43,4782274.45,4671016.38,4782274.45,5501922.55,4300174.83,145,D,2021-12-31,2022-01-01,2022-12-31,fast
2022-05-26,6284218.49,4893685.74,5344955.67,4893685.74,5141408.99,4891639.3,146,D,2021-12-31,2022-01-01,2022-12-31,fast
2022-05-27,3652675.9,5324972.02,5655133.26,5324972.02,2933129.2,5903432.66,147,D,2021-12-31,2022-01-01,2022-12-31,fast
2022-05-28,3223975.84,4885338.23,5534778.43,4885338.23,2664148.14,5447798.23,148,D,2021-12-31,2022-01-01,2022-12-31,fast
2022-05-29,5327455.25,5143952.31,5196983.43,5143952.31,4413502.81,5625720.4,149,D,2021-12-31,2022-01-01,2022-12-31,fast
2022-05-30,8158502.0,7781304.34,7887087.83,7781304.34,6931185.72,7241612.25,150,D,2021-12-31,2022-01-01,2022-12-31,fast
2022-05-31,8513166.37,8139085.47,7998395.28,8139085.47,6787523.6,7158270.54,151,D,2021-12-31,2022-01-01,2022-12-31,fast
2022-06-01,8373363.4,7214975.58,7625012.17,7214975.58,7038218.52,6914325.93,152,D,2021-12-31,2022-01-01,2022-12-31,fast
2022-06-02,8325437.52,6567181.01,7669298.02,6567181.01,6796380.79,7002931.72,153,D,2021-12-31,2022-01-01,2022-12-31,fast
2022-06-03,6585522.44,6155612.8,7058556.03,6155612.8,5345747.87,6148369.26,154,D,2021-12-31,2022-01-01,2022-12-31,fast
2022-06-04,2998952.42,3490376.48,3793554.89,3490376.48,2492875.15,3997985.6,155,D,2021-12-31,2022-01-01,2022-12-31,fast
2022-06-05,2945501.79,3647306.4,3545542.7,3647306.4,2481566.23,3208166.36,156,D,2021-12-31,2022-01-01,2022-12-31,fast
2022-06-06,3100859.0,3035379.37,3949320.29,3035379.37,2519872.17,3203293.52,157,D,2021-12-31,2022-01-01,2022-12-31,fast
2022-06-07,3673238.8,3625735.7,3925759.42,3625735.7,3096187.02,3101349.14,158,D,2021-12-31,2022-01-01,2022-12-31,fast
2022-06-08,3686799.9,3843733.81,3966080.98,3843733.81,3086016.13,3435365.28,159,D,2021-12-31,2022-01-01,2022-12-31,fast
2022-06-09,2619038.14,3974998.03,4016098.9,3974998.03,2169844.13,3434164.51,160,D,2021-12-31,2022-01-01,2022-12-31,fast
2022-06-10,3369544.01,4105292.32,3840693.38,4105292.32,2830537.04,3390525.84,161,D,2021-12-31,2022-01-01,2022-12-31,fast
2022-06-11,4463584.56,3885366.47,4015614.05,3885366.47,3478666.52,3575299.28,162,D,2021-12-31,2022-01-01,2022-12-31,fast
2022-06-12,4561669.81,3876978.52,4107344.76,3876978.52,3820200.11,3368427.91,163,D,2021-12-31,2022-01-01,2022-12-31,fast
2022-06-13,4221162.05,4019882.04,4520357.01,4019882.04,3579316.15,3605880.98,164,D,2021-12-31,2022-01-01,2022-12-31,fast
2022-06-14,4843640.76,4339299.58,4876761.74,4339299.58,3943051.0,3751840.19,165,D,2021-12-31,2022-01-01,2022-12-31,fast
2022-06-15,4969823.53,4548882.58,5026818.86,4548882.58,4197066.37,4198745.56,166,D,2021-12-31,2022-01-01,2022-12-31,fast
2022-06-16,4143877.35,4878647.07,5451860.31,4878647.07,3546880.86,3976365.26,167,D,2021-12-31,2022-01-01,2022-12-31,fast
2022-06-17,4914374.7,4741437.38,4839447.2,4741437.38,4127718.74,3947625.75,168,D,2021-12-31,2022-01-01,2022-12-31,fast
2022-06-18,4817780.87,4171609.18,4200619.18,4171609.18,3824360.06,3654554.99,169,D,2021-12-31,2022-01-01,2022-12-31,fast
2022-06-19,3795086.21,4142923.36,4539321.96,4142923.36,3161112.99,3485813.39,170,D,2021-12-31,2022-01-01,2022-12-31,fast
2022-06-20,3323030.57,4215464.61,4308573.52,4215464.61,2753309.16,3423768.93,171,D,2021-12-31,2022-01-01,2022-12-31,fast
2022-06-21,4271838.09,4478265.01,4787629.2,4478265.01,3517936.59,3960712.29,172,D,2021-12-31,2022-01-01,2022-12-31,fast
2022-06-22,5182306.11,5070538.15,5339063.04,5070538.15,4283552.22,4559983.62,173,D,2021-12-31,2022-01-01,2022-12-31,fast
2022-06-23,3276933.23,5361831.1,6262513.39,5361831.1,2698817.37,4507117.39,174,D,2021-12-31,2022-01-01,2022-12-31,fast
2022-06-24,4334289.08,4917807.85,5483661.94,4917807.85,3840132.24,4578257.23,175,D,2021-12-31,2022-01-01,2022-12-31,fast
2022-06-25,3650772.37,4626435.76,4894929.91,4626435.76,3465656.03,4366417.4,176,D,2021-12-31,2022-01-01,2022-12-31,fast
2022-06-26,3313898.55,4507661.53,4941651.62,4507661.53,3251613.07,4713510.13,177,D,2021-12-31,2022-01-01,2022-12-31,fast
2022-06-27,3481464.68,4821569.48,5425126.97,4821569.48,3545701.77,4792593.7,178,D,2021-12-31,2022-01-01,2022-12-31,fast
2022-06-28,5799352.35,5612027.95,6209071.32,5612027.95,5797836.84,5629749.32,179,D,2021-12-31,2022-01-01,2022-12-31,fast
2022-06-29,7265484.49,6968767.73,7889668.7,6968767.73,7471904.08,6943524.04,180,D,2021-12-31,2022-01-01,2022-12-31,fast
2022-06-30,5503799.91,6668419.53,7082414.94,6668419.53,5548808.71,6403507.89,181,D,2021-12-31,2022-01-01,2022-12-31,fast
2022-07-01,5150082.22,6122274.43,6426774.29,6122274.43,5158929.6,5839545.93,182,D,2021-12-31,2022-01-01,2022-12-31,fast
2022-07-02,4591824.74,5380809.2,5278150.35,5380809.2,4681370.69,5396059.98,183,D,2021-12-31,2022-01-01,2022-12-31,fast
2022-07-03,3487232.0,4846750.69,4408333.27,4846750.69,3467227.39,4726036.83,184,D,2021-12-31,2022-01-01,2022-12-31,fast
2022-07-04,1208545.64,1494924.54,1588359.87,1494924.54,1210803.29,2004975.21,185,D,2021-12-31,2022-01-01,2022-12-31,fast
2022-07-05,1079245.09,1578804.51,1582566.71,1578804.51,1067117.75,1912016.93,186,D,2021-12-31,2022-01-01,2022-12-31,fast
2022-07-06,2003115.26,1722716.96,1763816.99,1722716.96,1958001.67,2133437.41,187,D,2021-12-31,2022-01-01,2022-12-31,fast
2022-07-07,2178171.4,2125409.02,2229107.16,2125409.02,2191625.58,2206524.06,188,D,2021-12-31,2022-01-01,2022-12-31,fast
2022-07-08,1881078.1,2400783.39,2458939.46,2400783.39,1982500.01,2408167.3,189,D,2021-12-31,2022-01-01,2022-12-31,fast
2022-07-09,1988747.3,2699508.44,3053274.43,2699508.44,2091746.39,2849063.12,190,D,2021-12-31,2022-01-01,2022-12-31,fast
2022-07-10,2250020.87,2769441.68,3075464.89,2769441.68,2249417.16,2963064.61,191,D,2021-12-31,2022-01-01,2022-12-31,fast
2022-07-11,3085208.06,2727635.47,3048171.26,2727635.47,3120714.69,3086146.26,192,D,2021-12-31,2022-01-01,2022-12-31,fast
2022-07-12,3275001.85,2456307.21,2890412.96,2456307.21,3465716.5,2972006.08,193,D,2021-12-31,2022-01-01,2022-12-31,fast
2022-07-13,3331997.68,2450376.04,2852224.56,2450376.04,3265956.0,2923552.38,194,D,2021-12-31,2022-01-01,2022-12-31,fast
2022-07-14,3428606.64,2761918.87,3152612.82,2761918.87,3482102.84,3049059.9,195,D,2021-12-31,2022-01-01,2022-12-31,fast
2022-07-15,3272104.3,3003206.38,3280300.76,3003206.38,3382105.17,3261315.61,196,D,2021-12-31,2022-01-01,2022-12-31,fast
2022-07-16,3060600.17,3069054.17,3398793.2,3069054.17,3054594.29,3251365.09,197,D,2021-12-31,2022-01-01,2022-12-31,fast
2022-07-17,3238870.01,3178406.36,3493483.27,3178406.36,3239433.47,3482982.77,198,D,2021-12-31,2022-01-01,2022-12-31,fast
2022-07-18,3305333.1,3233452.23,3076399.16,3233452.23,3363292.96,3186314.08,199,D,2021-12-31,2022-01-01,2022-12-31,fast
2022-07-19,3101945.44,3655271.85,3010608.86,3655271.85,3019090.18,3348998.32,200,D,2021-12-31,2022-01-01,2022-12-31,fast
2022-07-20,3436240.82,3335612.25,2998687.64,3335612.25,3222539.9,3195033.07,201,D,2021-12-31,2022-01-01,2022-12-31,fast
2022-07-21,3596036.01,3609527.66,3278355.72,3609527.66,3119249.05,3296708.58,202,D,2021-12-31,2022-01-01,2022-12-31,fast
2022-07-22,2771453.13,4022578.27,3476431.54,4022578.27,2364982.84,3603475.87,203,D,2021-12-31,2022-01-01,2022-12-31,fast
2022-07-23,4190232.53,3472217.16,3268712.82,3472217.16,3612754.83,3204856.69,204,D,2021-12-31,2022-01-01,2022-12-31,fast
2022-07-24,3833852.9,3268797.74,2803294.89,3268797.74,3118207.38,2792174.6,205,D,2021-12-31,2022-01-01,2022-12-31,fast
2022-07-25,2614143.21,3367977.93,3294914.33,3367977.93,2099890.98,3484251.18,206,D,2021-12-31,2022-01-01,2022-12-31,fast
2022-07-26,3176075.37,3903041.83,3308344.3,3903041.83,2651641.17,3486736.43,207,D,2021-12-31,2022-01-01,2022-12-31,fast
2022-07-27,4214912.76,3627149.48,3418027.58,3627149.48,3467925.47,3631540.35,208,D,2021-12-31,2022-01-01,2022-12-31,fast
2022-07-28,4859620.98,4351502.84,4047528.1,4351502.84,3942867.94,3885173.16,209,D,2021-12-31,2022-01-01,2022-12-31,fast
2022-07-29,3226100.81,4815522.25,4998371.27,4815522.25,2681143.22,4526950.66,210,D,2021-12-31,2022-01-01,2022-12-31,fast
2022-07-30,2682461.47,4356686.6,5428639.47,4356686.6,2137462.32,5040723.69,211,D,2021-12-31,2022-01-01,2022-12-31,fast
2022-07-31,4622917.86,4834342.9,5640575.39,4834342.9,3735517.99,5406518.59,212,D,2021-12-31,2022-01-01,2022-12-31,fast
2022-08-01,4081818.17,5091927.36,5201784.58,5091927.36,3201046.8,5520706.19,213,D,2021-12-31,2022-01-01,2022-12-31,fast
2022-08-02,4490226.96,4445368.96,4390851.59,4445368.96,3711709.11,4909231.38,214,D,2021-12-31,2022-01-01,2022-12-31,fast
2022-08-03,5085558.26,4254067.37,3759713.19,4254067.37,4209543.55,4358281.54,215,D,2021-12-31,2022-01-01,2022-12-31,fast
2022-08-04,4345026.44,3789212.41,3504847.89,3789212.41,3614349.89,3823139.37,216,D,2021-12-31,2022-01-01,2022-12-31,fast
2022-08-05,2114789.45,2084395.23,2386659.45,2084395.23,1780212.48,2392357.22,217,D,2021-12-31,2022-01-01,2022-12-31,fast
2022-08-06,2325289.52,2093761.05,2308780.59,2093761.05,2017328.21,2521622.36,218,D,2021-12-31,2022-01-01,2022-12-31,fast
2022-08-07,2331541.43,2384370.22,2270079.39,2384370.22,1882527.46,2511188.64,219,D,2021-12-31,2022-01-01,2022-12-31,fast
2022-08-08,3054473.91,2504946.5,1915184.21,2504946.5,2576748.48,2246351.66,220,D,2021-12-31,2022-01-01,2022-12-31,fast
2022-08-09,2488386.71,2521702.15,2213257.94,2521702.15,1932711.49,2456136.61,221,D,2021-12-31,2022-01-01,2022-12-31,fast
2022-08-10,2963483.62,2661899.16,2485543.93,2661899.16,2399743.47,2896959.39,222,D,2021-12-31,2022-01-01,2022-12-31,fast
2022-08-11,3674343.1,2932327.79,3278201.49,2932327.79,3109434.98,3275739.9,223,D,2021-12-31,2022-01-01,2022-12-31,fast
2022-08-12,2787707.25,2772860.9,3190756.99,2772860.9,2241846.4,2997750.47,224,D,2021-12-31,2022-01-01,2022-12-31,fast
2022-08-13,1789226.45,2482609.48,2917507.52,2482609.48,1446390.99,2866565.56,225,D,2021-12-31,2022-01-01,2022-12-31,fast
2022-08-14,2557373.24,2717269.89,2919965.78,2717269.89,2109123.95,2890713.45,226,D,2021-12-31,2022-01-01,2022-12-31,fast
2022-08-15,3869248.63,2701986.73,2987926.86,2701986.73,3309171.5,3070811.26,227,D,2021-12-31,2022-01-01,2022-12-31,fast
2022-08-16,3139997.28,2723760.79,3043297.56,2723760.79,2622848.5,3028308.13,228,D,2021-12-31,2022-01-01,2022-12-31,fast
2022-08-17,3480892.06,3007466.5,3018442.83,3007466.5,2948849.64,3192144.72,229,D,2021-12-31,2022-01-01,2022-12-31,fast
2022-08-18,4171974.77,2987042.95,3276854.13,2987042.95,3471070.42,3394764.49,230,D,2021-12-31,2022-01-01,2022-12-31,fast
2022-08-19,2011108.63,3126237.67,3380741.63,3126237.67,1643391.76,3442337.75,231,D,2021-12-31,2022-01-01,2022-12-31,fast
2022-08-20,2479005.37,3215018.16,3219266.31,3215018.16,2092133.98,3029465.61,232,D,2021-12-31,2022-01-01,2022-12-31,fast
2022-08-21,2235990.02,2969090.05,3009987.09,2969090.05,1905397.24,2568210.78,233,D,2021-12-31,2022-01-01,2022-12-31,fast
2022-08-22,3743695.22,2972310.55,3120921.92,2972310.55,3095599.8,2875361.73,234,D,2021-12-31,2022-01-01,2022-12-31,fast
2022-08-23,2422220.1,2868203.19,3195288.85,2868203.19,1951701.71,2983940.01,235,D,2021-12-31,2022-01-01,2022-12-31,fast
2022-08-24,3292983.26,3073148.16,3439128.52,3073148.16,2679505.93,3102980.18,236,D,2021-12-31,2022-01-01,2022-12-31,fast
2022-08-25,3512475.16,3191071.61,3561443.13,3191071.61,2996327.54,3410034.25,237,D,2021-12-31,2022-01-01,2022-12-31,fast
2022-08-26,3544046.7,3277413.53,3586908.29,3277413.53,2980867.4,3194917.94,238,D,2021-12-31,2022-01-01,2022-12-31,fast
2022-08-27,2367664.33,3070171.98,2997418.74,3070171.98,1897436.06,3054973.5,239,D,2021-12-31,2022-01-01,2022-12-31,fast
2022-08-28,7051722.27,4093622.49,3932758.49,4093622.49,5879145.36,3913192.24,240,D,2021-12-31,2022-01-01,2022-12-31,fast
2022-08-29,7928796.83,4966347.7,5293610.2,4966347.7,6503005.43,5937146.55,241,D,2021-12-31,2022-01-01,2022-12-31,fast
2022-08-30,6574345.89,5182572.8,5845610.74,5182572.8,5482415.72,6464306.99,242,D,2021-12-31,2022-01-01,2022-12-31,fast
2022-08-31,7627532.44,5111149.49,5782976.74,5111149.49,6341793.09,5918339.22,243,D,2021-12-31,2022-01-01,2022-12-31,fast
2022-09-01,6284732.49,4730086.65,5629471.89,4730086.65,5155753.38,5198123.23,244,D,2021-12-31,2022-01-01,2022-12-31,fast
2022-09-02,1902817.9,2688866.95,3494889.72,2688866.95,1746845.19,3355046.41,245,D,2021-12-31,2022-01-01,2022-12-31,fast
2022-09-03,1443083.36,2485914.68,1894637.22,2485914.68,1319555.66,1860487.97,246,D,2021-12-31,2022-01-01,2022-12-31,fast
2022-09-04,1814811.35,1735183.72,1822589.95,1735183.72,1668265.18,1840345.07,247,D,2021-12-31,2022-01-01,2022-12-31,fast
2022-09-05,2214621.47,2007486.12,1873036.65,2007486.12,2091481.45,2037479.83,248,D,2021-12-31,2022-01-01,2022-12-31,fast
2022-09-06,1440405.44,2264264.47,2267980.06,2264264.47,1324005.11,2242374.0,249,D,2021-12-31,2022-01-01,2022-12-31,fast
2022-09-07,1890879.55,2332026.61,2294125.77,2332026.61,1717460.94,2440372.05,250,D,2021-12-31,2022-01-01,2022-12-31,fast
2022-09-08,3137260.99,2332757.21,2543576.38,2332757.21,2854328.48,2602851.85,251,D,2021-12-31,2022-01-01,2022-12-31,fast
2022-09-09,1905843.43,2428546.13,2409362.12,2428546.13,1773901.8,2296838.77,252,D,2021-12-31,2022-01-01,2022-12-31,fast
2022-09-10,3003150.84,2347539.08,2062889.63,2347539.08,2629180.97,2180043.17,253,D,2021-12-31,2022-01-01,2022-12-31,fast
2022-09-11,3574194.77,2017661.68,2109430.45,2017661.68,3355823.68,2193947.78,254,D,2021-12-31,2022-01-01,2022-12-31,fast
2022-09-12,3415849.51,2292187.87,2529850.99,2292187.87,3102681.39,2323977.78,255,D,2021-12-31,2022-01-01,2022-12-31,fast
2022-09-13,2521208.91,2535447.71,2793679.6,2535447.71,2449598.89,2625586.51,256,D,2021-12-31,2022-01-01,2022-12-31,fast
2022-09-14,2125189.04,2724393.34,3245421.09,2724393.34,1992207.12,2997997.73,257,D,2021-12-31,2022-01-01,2022-12-31,fast
2022-09-15,3154006.65,2776058.03,2661557.84,2776058.03,2833555.37,2491501.08,258,D,2021-12-31,2022-01-01,2022-12-31,fast
2022-09-16,2557894.76,2635095.5,2497588.42,2635095.5,2402816.85,2183574.58,259,D,2021-12-31,2022-01-01,2022-12-31,fast
2022-09-17,1810510.0,2317990.12,2052914.81,2317990.12,1735920.18,2120948.63,260,D,2021-12-31,2022-01-01,2022-12-31,fast
2022-09-18,2355578.71,2191812.27,1926887.94,2191812.27,2098692.33,2179286.76,261,D,2021-12-31,2022-01-01,2022-12-31,fast
2022-09-19,2832515.44,2183063.4,1988519.51,2183063.4,2618684.64,2167830.0,262,D,2021-12-31,2022-01-01,2022-12-31,fast
2022-09-20,1813002.77,2510862.12,2550670.79,2510862.12,1685796.46,2449377.55,263,D,2021-12-31,2022-01-01,2022-12-31,fast
2022-09-21,2262085.02,2856797.56,3137355.61,2856797.56,2156585.58,2912299.05,264,D,2021-12-31,2022-01-01,2022-12-31,fast
2022-09-22,3106149.95,2822912.32,2457517.04,2822912.32,2910964.29,2422340.33,265,D,2021-12-31,2022-01-01,2022-12-31,fast
2022-09-23,2634119.24,2572061.24,2345743.36,2572061.24,2453809.45,2451543.46,266,D,2021-12-31,2022-01-01,2022-12-31,fast
2022-09-24,2896411.14,2471796.78,2239069.68,2471796.78,2694695.72,2496492.64,267,D,2021-12-31,2022-01-01,2022-12-31,fast
2022-09-25,3041369.47,2376586.1,2147762.32,2376586.1,2753150.12,2569372.8,268,D,2021-12-31,2022-01-01,2022-12-31,fast
2022-09-26,5205389.57,2687558.0,2341168.31,2687558.0,4849044.63,2753717.02,269,D,2021-12-31,2022-01-01,2022-12-31,fast
2022-09-27,4259834.95,3692757.65,3289267.16,3692757.65,3803492.23,3558935.2,270,D,2021-12-31,2022-01-01,2022-12-31,fast
2022-09-28,4257301.76,3938599.89,3817579.56,3938599.89,3860995.61,3638864.94,271,D,2021-12-31,2022-01-01,2022-12-31,fast
2022-09-29,4352754.23,3473533.13,3232065.77,3473533.13,4023586.93,3487928.93,272,D,2021-12-31,2022-01-01,2022-12-31,fast
2022-09-30,2551313.88,2925780.45,3067259.28,2925780.45,2332362.64,3190423.66,273,D,2021-12-31,2022-01-01,2022-12-31,fast
2022-10-01,1469771.93,2811524.29,2934500.43,2811524.29,1293984.1,2735598.0,274,D,2021-12-31,2022-01-01,2022-12-31,fast
2022-10-02,1289798.82,1945912.41,1752619.09,1945912.41,1015484.47,2000091.24,275,D,2021-12-31,2022-01-01,2022-12-31,fast
2022-10-03,2179072.88,1176498.91,1091049.24,1176498.91,1799910.69,1671508.45,276,D,2021-12-31,2022-01-01,2022-12-31,fast
2022-10-04,2751920.12,1212248.98,1291513.57,1212248.98,2302490.12,1365356.08,277,D,2021-12-31,2022-01-01,2022-12-31,fast
2022-10-05,1527341.84,1649636.61,1662337.17,1649636.61,1209546.76,1433264.55,278,D,2021-12-31,2022-01-01,2022-12-31,fast
2022-10-06,2026518.43,1642482.39,1636444.21,1642482.39,1678609.18,1573915.83,279,D,2021-12-31,2022-01-01,2022-12-31,fast
2022-10-07,1406363.3,1512084.94,1712955.22,1512084.94,1112130.94,1711346.4,280,D,2021-12-31,2022-01-01,2022-12-31,fast
2022-10-08,2137543.63,1764261.18,1654047.41,1764261.18,1805932.34,1744495.72,281,D,2021-12-31,2022-01-01,2022-12-31,fast
2022-10-09,1805775.79,1738487.94,1727583.8,1738487.94,1488842.7,1755351.92,282,D,2021-12-31,2022-01-01,2022-12-31,fast
2022-10-10,2356440.12,1769479.38,1570911.88,1769479.38,1975941.69,1738828.94,283,D,2021-12-31,2022-01-01,2022-12-31,fast
2022-10-11,2270162.6,1627593.88,1784750.1,1627593.88,1955651.17,1870931.94,284,D,2021-12-31,2022-01-01,2022-12-31,fast
2022-10-12,1976207.14,1777200.84,1782252.74,1777200.84,1617749.24,1987386.24,285,D,2021-12-31,2022-01-01,2022-12-31,fast
2022-10-13,2430819.33,1840103.84,1977333.72,1840103.84,1940628.06,2107152.19,286,D,2021-12-31,2022-01-01,2022-12-31,fast
2022-10-14,1927818.67,1971136.41,2071414.47,1971136.41,1586067.15,2161427.17,287,D,2021-12-31,2022-01-01,2022-12-31,fast
2022-10-15,1986495.19,1928912.44,1952953.46,1928912.44,1576156.75,2045067.78,288,D,2021-12-31,2022-01-01,2022-12-31,fast
2022-10-16,1897952.11,1776122.38,1919864.23,1776122.38,1655869.65,2131813.97,289,D,2021-12-31,2022-01-01,2022-12-31,fast
2022-10-17,2507328.8,1829387.86,1712173.29,1829387.86,2119354.36,2023883.68,290,D,2021-12-31,2022-01-01,2022-12-31,fast
2022-10-18,3170696.65,2012098.1,1824848.41,2012098.1,2645141.42,2034826.49,291,D,2021-12-31,2022-01-01,2022-12-31,fast
2022-10-19,2324314.45,2004598.73,1955070.65,2004598.73,1931007.25,2137142.67,292,D,2021-12-31,2022-01-01,2022-12-31,fast
2022-10-20,2591151.06,1851404.37,2003879.95,1851404.37,2095872.66,2142493.07,293,D,2021-12-31,2022-01-01,2022-12-31,fast
2022-10-21,2662328.56,1751519.82,1743287.23,1751519.82,2201489.2,2129898.25,294,D,2021-12-31,2022-01-01,2022-12-31,fast
2022-10-22,2407124.47,2134774.13,1928964.02,2134774.13,1949055.98,2033075.28,295,D,2021-12-31,2022-01-01,2022-12-31,fast
2022-10-23,1971627.46,1777576.85,1868819.04,1777576.85,1628494.03,2118172.11,296,D,2021-12-31,2022-01-01,2022-12-31,fast
2022-10-24,2678456.17,1868844.88,1919902.23,1868844.88,2245907.36,2047984.72,297,D,2021-12-31,2022-01-01,2022-12-31,fast
2022-10-25,3003375.87,1920989.55,1911853.04,1920989.55,2373976.27,2199583.82,298,D,2021-12-31,2022-01-01,2022-12-31,fast
2022-10-26,2345490.55,1830574.79,1842681.15,1830574.79,1902512.75,2204302.81,299,D,2021-12-31,2022-01-01,2022-12-31,fast
2022-10-27,2493935.72,1974966.61,2132209.24,1974966.61,2087492.57,2246740.66,300,D,2021-12-31,2022-01-01,2022-12-31,fast
2022-10-28,4210212.53,2592749.76,2323221.03,2592749.76,3513694.7,2771779.29,301,D,2021-12-31,2022-01-01,2022-12-31,fast
2022-10-29,3626939.26,3208880.08,2763046.26,3208880.08,2918150.87,3155783.37,302,D,2021-12-31,2022-01-01,2022-12-31,fast
2022-10-30,3130677.4,3165257.4,3135326.91,3165257.4,2518990.77,3274963.43,303,D,2021-12-31,2022-01-01,2022-12-31,fast
2022-10-31,4630791.46,2995059.63,2646121.74,2995059.63,3823758.6,3035449.35,304,D,2021-12-31,2022-01-01,2022-12-31,fast
2022-11-01,3025164.28,2920982.72,2228919.47,2920982.72,2504688.31,2848935.47,305,D,2021-12-31,2022-01-01,2022-12-31,fast
2022-11-02,1338326.56,2229067.14,1848808.6,2229067.14,1136192.76,1915448.59,306,D,2021-12-31,2022-01-01,2022-12-31,fast
2022-11-03,1253721.23,1075016.36,1312167.66,1075016.36,994106.82,1270415.36,307,D,2021-12-31,2022-01-01,2022-12-31,fast
2022-11-04,1065066.0,1146981.91,1204263.89,1146981.91,908402.36,1260059.73,308,D,2021-12-31,2022-01-01,2022-12-31,fast
2022-11-05,1826120.07,1512201.92,1491845.6,1512201.92,1592683.79,1354055.66,309,D,2021-12-31,2022-01-01,2022-12-31,fast
2022-11-06,2207719.98,990484.58,1129133.77,990484.58,1750011.7,1049854.15,310,D,2021-12-31,2022-01-01,2022-12-31,fast
2022-11-07,1655852.99,1503423.92,1429867.7,1503423.92,1340974.43,1179381.64,311,D,2021-12-31,2022-01-01,2022-12-31,fast
2022-11-08,1781413.12,1422411.41,1600920.87,1422411.41,1480654.53,1397570.67,312,D,2021-12-31,2022-01-01,2022-12-31,fast
2022-11-09,845358.47,1701826.22,1670129.78,1701826.22,699535.31,1698940.78,313,D,2021-12-31,2022-01-01,2022-12-31,fast
2022-11-10,2079598.87,1572600.17,1687890.81,1572600.17,1694276.76,1814113.98,314,D,2021-12-31,2022-01-01,2022-12-31,fast
2022-11-11,1581745.15,1743742.57,1634475.21,1743742.57,1307363.48,1551632.49,315,D,2021-12-31,2022-01-01,2022-12-31,fast
2022-11-12,1354235.95,1927913.97,1524135.84,1927913.97,1091940.76,1875251.44,316,D,2021-12-31,2022-01-01,2022-12-31,fast
2022-11-13,2903552.41,1718419.39,1510557.17,1718419.39,2399414.44,1838485.62,317,D,2021-12-31,2022-01-01,2022-12-31,fast
2022-11-14,1656739.7,1837137.44,1634220.86,1837137.44,1428653.75,1850784.84,318,D,2021-12-31,2022-01-01,2022-12-31,fast
2022-11-15,1547150.37,1691914.4,1531969.08,1691914.4,1239694.48,1356068.79,319,D,2021-12-31,2022-01-01,2022-12-31,fast
2022-11-16,1436853.58,1641005.27,1502448.49,1641005.27,1152791.3,1514319.49,320,D,2021-12-31,2022-01-01,2022-12-31,fast
2022-11-17,1542318.91,1522467.05,1598749.78,1522467.05,1326508.48,1493311.75,321,D,2021-12-31,2022-01-01,2022-12-31,fast
2022-11-18,2067584.69,1490622.47,1466862.5,1490622.47,1767319.2,1578809.51,322,D,2021-12-31,2022-01-01,2022-12-31,fast
2022-11-19,1496563.56,1347723.33,1556713.63,1347723.33,1377725.1,1645265.75,323,D,2021-12-31,2022-01-01,2022-12-31,fast
2022-11-20,1857748.24,1309764.32,1375248.83,1309764.32,1631718.89,1387962.15,324,D,2021-12-31,2022-01-01,2022-12-31,fast
2022-11-21,1349907.06,1300329.45,1194435.13,1300329.45,1276634.29,1548202.02,325,D,2021-12-31,2022-01-01,2022-12-31,fast
2022-11-22,853188.02,1337184.09,1284046.9,1337184.09,904694.78,1597659.42,326,D,2021-12-31,2022-01-01,2022-12-31,fast
2022-11-23,1060969.69,1359005.78,1396080.56,1359005.78,1157743.64,1610204.52,327,D,2021-12-31,2022-01-01,2022-12-31,fast
2022-11-24,1729664.2,1209075.83,1413470.66,1209075.83,1775190.25,1698787.28,328,D,2021-12-31,2022-01-01,2022-12-31,fast
2022-11-25,1527923.9,1183945.27,1421324.42,1183945.27,1576795.62,1677137.36,329,D,2021-12-31,2022-01-01,2022-12-31,fast
2022-11-26,2035639.78,1350109.79,1430620.33,1350109.79,2105948.81,1520046.91,330,D,2021-12-31,2022-01-01,2022-12-31,fast
2022-11-27,3138619.13,1518769.14,1778164.97,1518769.14,3283279.48,2001544.24,331,D,2021-12-31,2022-01-01,2022-12-31,fast
2022-11-28,2104917.42,1870046.85,2130636.05,1870046.85,2152332.4,2355873.7,332,D,2021-12-31,2022-01-01,2022-12-31,fast
2022-11-29,2558728.79,1939674.54,1878748.26,1939674.54,2694391.19,2170674.09,333,D,2021-12-31,2022-01-01,2022-12-31,fast
2022-11-30,1317689.52,1967236.47,1842186.68,1967236.47,1346354.39,2121266.16,334,D,2021-12-31,2022-01-01,2022-12-31,fast
2022-12-01,1668445.9,1528617.0,1467178.44,1528617.0,1683082.9,1810594.46,335,D,2021-12-31,2022-01-01,2022-12-31,fast
2022-12-02,720381.04,845904.89,860934.86,845904.89,726739.78,1162655.24,336,D,2021-12-31,2022-01-01,2022-12-31,fast
2022-12-03,753704.17,810598.04,772428.22,810598.04,751384.0,830241.62,337,D,2021-12-31,2022-01-01,2022-12-31,fast
2022-12-04,664409.51,786288.9,773998.42,786288.9,678890.04,919387.77,338,D,2021-12-31,2022-01-01,2022-12-31,fast
2022-12-05,1607335.1,757691.08,799024.98,757691.08,1688255.85,1091659.79,339,D,2021-12-31,2022-01-01,2022-12-31,fast
2022-12-06,1436188.44,765537.48,872469.35,765537.48,1460346.38,1066790.88,340,D,2021-12-31,2022-01-01,2022-12-31,fast
2022-12-07,760218.13,793445.43,893616.07,793445.43,731672.82,921340.35,341,D,2021-12-31,2022-01-01,2022-12-31,fast
2022-12-08,818209.67,887197.07,972659.03,887197.07,832757.07,1042211.64,342,D,2021-12-31,2022-01-01,2022-12-31,fast
2022-12-09,1323267.85,834575.06,974267.76,834575.06,1366777.35,1136830.01,343,D,2021-12-31,2022-01-01,2022-12-31,fast
2022-12-10,1598936.84,826259.46,989507.5,826259.46,1616981.65,1278988.41,344,D,2021-12-31,2022-01-01,2022-12-31,fast
2022-12-11,1420910.74,837662.58,1154771.05,837662.58,1526398.5,1159267.31,345,D,2021-12-31,2022-01-01,2022-12-31,fast
2022-12-12,1983085.06,1153374.18,1111979.81,1153374.18,2071778.79,1494292.19,346,D,2021-12-31,2022-01-01,2022-12-31,fast
2022-12-13,1652309.19,1131852.53,1159201.82,1131852.53,1687562.98,1349576.97,347,D,2021-12-31,2022-01-01,2022-12-31,fast
2022-12-14,1662243.59,1323803.31,1309973.59,1323803.31,1688191.22,1441671.92,348,D,2021-12-31,2022-01-01,2022-12-31,fast
2022-12-15,1494318.64,1339257.44,1374879.48,1339257.44,1554407.68,1628272.21,349,D,2021-12-31,2022-01-01,2022-12-31,fast
2022-12-16,1482192.97,1290111.66,1338343.63,1290111.66,1521540.05,1806891.28,350,D,2021-12-31,2022-01-01,2022-12-31,fast
2022-12-17,1302193.74,1241707.41,1319898.2,1241707.41,1321522.92,1898006.41,351,D,2021-12-31,2022-01-01,2022-12-31,fast
2022-12-18,2201374.59,1199138.1,1289329.19,1199138.1,2308997.06,1701700.04,352,D,2021-12-31,2022-01-01,2022-12-31,fast
2022-12-19,2250767.39,1348799.49,1337657.55,1348799.49,2245767.23,1742521.03,353,D,2021-12-31,2022-01-01,2022-12-31,fast
2022-12-20,2026810.08,1571852.09,1564327.19,1571852.09,2053084.16,1818837.39,354,D,2021-12-31,2022-01-01,2022-12-31,fast
2022-12-21,1795395.02,1767381.61,1774738.18,1767381.61,1806884.57,2181058.01,355,D,2021-12-31,2022-01-01,2022-12-31,fast
2022-12-22,1791622.46,1950800.5,2003757.8,1950800.5,1773829.08,2062930.38,356,D,2021-12-31,2022-01-01,2022-12-31,fast
2022-12-23,1501209.11,1784991.42,1625231.66,1784991.42,1499234.75,1902789.13,357,D,2021-12-31,2022-01-01,2022-12-31,fast
2022-12-24,1390870.89,1404439.76,1271136.75,1404439.76,1401661.67,1710844.58,358,D,2021-12-31,2022-01-01,2022-12-31,fast
2022-12-25,1136772.53,1299006.39,1223591.55,1299006.39,1160100.63,1701073.16,359,D,2021-12-31,2022-01-01,2022-12-31,fast
2022-12-26,2110830.12,1281022.85,1239913.39,1281022.85,2160963.69,1710397.44,360,D,2021-12-31,2022-01-01,2022-12-31,fast
2022-12-27,2100553.66,1374666.02,1287551.21,1374666.02,2184872.24,1439901.39,361,D,2021-12-31,2022-01-01,2022-12-31,fast
2022-12-28,3448729.2,2198138.1,2003028.52,2198138.1,3513621.0,2159031.57,362,D,2021-12-31,2022-01-01,2022-12-31,fast
2022-12-29,3083944.33,3388551.52,2518952.01,3388551.52,3170787.1,3315617.22,363,D,2021-12-31,2022-01-01,2022-12-31,fast
2022-12-30,2884668.76,3020390.32,2230754.74,3020390.32,3022292.15,3279906.81,364,D,2021-12-31,2022-01-01,2022-12-31,fast
2022-12-31,2383037.48,2516464.33,1956967.65,2516464.33,2279288.13,2756846.32,365,D,2021-12-31,2022-01-01,2022-12-31,fast
