fold,Date,horizon_day,actual_Revenue,actual_COGS,pred_Revenue_direct,pred_Revenue_component,pred_Revenue_current,pred_COGS_direct,pred_COGS_component,pred_COGS_current,pred_order_count,pred_AOV,pred_cogs_ratio,train_end,validation_start,validation_end
D,2022-01-01,1,2932155.47,3019583.5,2039186.55,1812156.93,2039186.55,2308827.35,1803931.97,2197268.87,79.07694033643432,22916.376432395555,0.9954612298389951,2021-12-31,2022-01-01,2022-12-31
D,2022-01-02,2,2361965.0,2368851.11,712475.14,631865.02,712475.14,1011244.91,568375.64,892461.72,25.279676131488056,25469.615156429838,0.9938721332352747,2021-12-31,2022-01-01,2022-12-31
D,2022-01-03,3,545563.72,476501.31,547595.57,619710.11,547595.57,515219.82,524404.68,530488.55,23.143873679962347,28144.881283258877,1.010048633934506,2021-12-31,2022-01-01,2022-12-31
D,2022-01-04,4,1242319.38,1057834.07,692996.06,654080.91,692996.06,574860.64,530386.15,578532.08,23.970206773907176,26288.42228327935,0.8427742547166948,2021-12-31,2022-01-01,2022-12-31
D,2022-01-05,5,809977.6,684605.3,750926.11,854732.0,750926.11,774740.58,713855.33,714909.68,27.80540300152648,30875.64836698348,0.8325231087106593,2021-12-31,2022-01-01,2022-12-31
D,2022-01-06,6,993048.62,827696.4,719361.87,895552.69,719361.87,789947.68,751497.17,724646.53,28.289936142793685,29719.294136049062,0.8711815863446777,2021-12-31,2022-01-01,2022-12-31
D,2022-01-07,7,1294963.64,1109631.82,702602.62,805100.87,702602.62,878575.73,676356.46,763073.82,25.72079580070368,29832.711485911703,0.8587914876993392,2021-12-31,2022-01-01,2022-12-31
D,2022-01-08,8,1641747.05,1369252.03,836123.54,928880.47,836123.54,989419.24,770086.14,911896.67,28.20491266162882,30303.376739866835,0.9880815542367964,2021-12-31,2022-01-01,2022-12-31
D,2022-01-09,9,1706485.37,1491356.56,999747.23,938869.18,999747.23,966629.62,794097.58,1010963.37,27.45250668006219,32062.90845079602,1.003013914279164,2021-12-31,2022-01-01,2022-12-31
D,2022-01-10,10,2569113.21,2158709.88,1060140.51,981985.19,1060140.51,875430.78,801638.5,900106.19,27.417626698387494,35556.968280022964,0.8365425147323089,2021-12-31,2022-01-01,2022-12-31
D,2022-01-11,11,1640806.35,1336967.26,972664.76,964700.55,972664.76,1157109.94,811453.13,1019694.86,28.761056783127565,32690.34585649369,0.8364364296500217,2021-12-31,2022-01-01,2022-12-31
D,2022-01-12,12,1775526.5,1506945.6,977754.31,997595.05,977754.31,1041748.99,835583.88,979480.54,28.96629823796882,36201.62419892477,0.9151891780504064,2021-12-31,2022-01-01,2022-12-31
D,2022-01-13,13,1173172.99,946254.56,1052139.26,1023333.47,1052139.26,1226149.81,862275.38,1101762.44,31.522230033312432,33812.55462393018,0.8651182495979517,2021-12-31,2022-01-01,2022-12-31
D,2022-01-14,14,1548726.82,1300219.1,1103898.61,1051747.59,1103898.61,1113435.76,884057.44,1067171.75,28.33682039360439,37739.27015614628,0.9107598216962824,2021-12-31,2022-01-01,2022-12-31
D,2022-01-15,15,1461990.71,1263054.33,923766.83,1016163.05,923766.83,1020804.17,854392.25,941937.83,31.705289424228383,31845.368390988213,0.8747360406230775,2021-12-31,2022-01-01,2022-12-31
D,2022-01-16,16,2064339.13,1781850.02,1195462.25,1132253.39,1195462.25,1053861.43,942091.39,1039688.51,34.558690733741784,34211.58877745214,0.8562111271887407,2021-12-31,2022-01-01,2022-12-31
D,2022-01-17,17,1621773.2,1340632.16,1402454.09,1293408.11,1402454.09,1148977.99,1084203.56,1165568.57,38.129968840375675,35347.89982715357,0.8488366657542139,2021-12-31,2022-01-01,2022-12-31
D,2022-01-18,18,1861205.18,1606509.55,1417961.75,1580804.45,1417961.75,1345348.16,1293409.95,1252472.59,45.42965196133518,36381.761535070815,0.8170776184645858,2021-12-31,2022-01-01,2022-12-31
D,2022-01-19,19,2020862.53,1738187.82,1083179.57,1130013.94,1083179.57,1283009.48,945472.8,1137920.61,35.449494039817466,31588.955045776707,0.8481245976844949,2021-12-31,2022-01-01,2022-12-31
D,2022-01-20,20,1249233.56,1043117.49,1308059.78,1375197.09,1308059.78,1633191.19,1152317.48,1424826.64,39.9797604461817,35136.03673927314,0.9136885362477136,2021-12-31,2022-01-01,2022-12-31
D,2022-01-21,21,1580948.85,1245282.02,1239799.47,1371128.05,1239799.47,1681102.73,1125260.52,1476767.15,40.001265853344805,35262.58410813315,1.0058130105710639,2021-12-31,2022-01-01,2022-12-31
D,2022-01-22,22,1758593.8,1468639.94,1478056.94,1706222.97,1478056.94,1552975.08,1436827.97,1500587.55,51.27730749575899,32624.375021061474,1.0126237979683879,2021-12-31,2022-01-01,2022-12-31
D,2022-01-23,23,1785338.17,1512426.38,1631924.92,1521929.9,1631924.92,1509471.35,1257857.93,1421135.63,46.26248954709249,32180.707733018924,0.8477427971477611,2021-12-31,2022-01-01,2022-12-31
D,2022-01-24,24,1915906.28,1601822.71,1691841.87,1612975.52,1691841.87,1555602.03,1364891.75,1552707.6,47.93786753389841,35043.946285774044,0.8550062577407256,2021-12-31,2022-01-01,2022-12-31
D,2022-01-25,25,2471179.3,1957064.07,1682201.84,1764872.53,1682201.84,1848254.59,1461251.14,1690393.88,48.64241223537385,35943.0335983377,0.8555149317077597,2021-12-31,2022-01-01,2022-12-31
D,2022-01-26,26,2278973.82,1903209.07,1680860.29,1712572.46,1680860.29,1979079.6,1435479.77,1785134.8,49.55717144039335,34305.71471185115,0.8657490173264519,2021-12-31,2022-01-01,2022-12-31
D,2022-01-27,27,1604489.99,1290075.13,1810856.69,1790977.46,1810856.69,2134070.93,1501382.73,1841037.75,53.251978455886835,31661.643028717957,0.9105170724253893,2021-12-31,2022-01-01,2022-12-31
D,2022-01-28,28,2792317.48,2306948.5,2034060.9,2075822.15,2034060.9,2335792.19,1727888.83,2070629.0,60.578224732554816,33247.26743174947,0.8586710758456073,2021-12-31,2022-01-01,2022-12-31
D,2022-01-29,29,3897632.5,3247780.03,2156962.7,2185081.24,2156962.7,2260885.16,1805078.72,2149330.21,64.48268082704034,33023.72009599345,0.8446941687452376,2021-12-31,2022-01-01,2022-12-31
D,2022-01-30,30,3903300.55,3262713.48,2394255.0,2069516.94,2394255.0,2469922.98,1741463.87,2346257.16,62.16747655458188,33956.826073812925,0.8601220866200299,2021-12-31,2022-01-01,2022-12-31
D,2022-01-31,31,3159829.55,2627738.4,2034027.41,2051261.12,2034027.41,2295759.72,1716715.16,2060674.9,65.29605345677693,31989.62666562835,0.8743825719813743,2021-12-31,2022-01-01,2022-12-31
D,2022-02-01,32,3672475.88,3092119.13,1723064.16,1682234.63,1723064.16,1952541.96,1413941.55,1768343.58,53.42984877752238,31630.303854055706,0.8619978570836027,2021-12-31,2022-01-01,2022-12-31
D,2022-02-02,33,3072419.17,2457270.01,1026180.58,1221017.49,1026180.58,1322649.97,1017353.72,1003528.25,35.69276189800365,34509.019849337266,0.8710095882895212,2021-12-31,2022-01-01,2022-12-31
D,2022-02-03,34,1056919.3,915391.24,953836.94,1135272.09,953836.94,901557.86,949780.04,924067.82,33.63147448577808,33929.81779024398,0.8697356894753638,2021-12-31,2022-01-01,2022-12-31
D,2022-02-04,35,1135262.35,959597.02,1661608.62,1259842.4,1661608.62,1159286.09,1055482.08,1267564.99,37.080914242914474,33730.56728490114,0.8712830624319443,2021-12-31,2022-01-01,2022-12-31
D,2022-02-05,36,1325806.77,1094262.79,1214931.11,1492631.7,1214931.11,1370520.77,1235910.97,1215323.91,40.21743316706259,34599.514014107255,0.8183770759382352,2021-12-31,2022-01-01,2022-12-31
D,2022-02-06,37,1360544.32,1086414.25,1650038.61,1654834.11,1650038.61,1362475.41,1395640.96,1401639.75,48.40140422250618,32308.460322622792,0.8752330201520777,2021-12-31,2022-01-01,2022-12-31
D,2022-02-07,38,1777072.87,1505671.69,1388622.99,1439240.1,1388622.99,1466340.55,1189735.49,1323315.1,44.07588530030132,33288.77256768418,0.8281295673126752,2021-12-31,2022-01-01,2022-12-31
D,2022-02-08,39,2324022.32,1858719.97,1192424.88,1242317.88,1192424.88,1438433.58,1045415.05,1299535.69,39.01282734522847,31841.708127374524,0.8791730819732715,2021-12-31,2022-01-01,2022-12-31
D,2022-02-09,40,2087968.13,1716217.3,1456953.1,1709890.75,1456953.1,1458820.34,1433540.67,1457593.55,51.04828155472999,32783.54493434353,1.0218142997992787,2021-12-31,2022-01-01,2022-12-31
D,2022-02-10,41,1681958.09,1377183.24,1390715.05,1742791.29,1390715.05,1583188.34,1448499.63,1451335.43,52.930609640635375,31530.988741206704,0.8639183182214683,2021-12-31,2022-01-01,2022-12-31
D,2022-02-11,42,1868277.55,1450465.3,1484474.44,1697689.71,1484474.44,1933225.36,1418035.37,1656713.2,52.51352795083565,32418.227492496884,0.931157060816018,2021-12-31,2022-01-01,2022-12-31
D,2022-02-12,43,2483675.48,2002526.57,1570632.3,1775490.74,1570632.3,1874815.7,1485530.58,1749600.65,52.24627669216435,31166.77207458472,0.9574771319971014,2021-12-31,2022-01-01,2022-12-31
D,2022-02-13,44,2471088.82,2037847.39,1882111.4,1937965.38,1882111.4,2128277.44,1620177.99,2009961.79,57.634864992229346,32919.973411202045,0.9975772556367248,2021-12-31,2022-01-01,2022-12-31
D,2022-02-14,45,2477651.08,2066561.36,2160101.34,2227341.67,2160101.34,2084094.92,1866144.65,2077119.9,65.79106275422568,32352.327388585803,0.9527782409134704,2021-12-31,2022-01-01,2022-12-31
D,2022-02-15,46,2911470.49,2304155.38,1740062.65,1969636.05,1740062.65,1844850.52,1672604.88,1686838.97,64.48863565289739,28884.66926762417,0.866213072399852,2021-12-31,2022-01-01,2022-12-31
D,2022-02-16,47,3189077.73,2624063.44,2065969.39,1846844.3,2065969.39,1956944.61,1545089.31,1908714.0,54.08907386991171,31000.64696678525,0.862576846665138,2021-12-31,2022-01-01,2022-12-31
D,2022-02-17,48,2365001.98,1930644.21,1816032.08,1833401.02,1816032.08,2172268.42,1544708.35,1892432.36,56.84635092777587,30572.927829185708,0.8489573663304109,2021-12-31,2022-01-01,2022-12-31
D,2022-02-18,49,2218074.92,1902787.38,2303518.12,1984882.24,2303518.12,2280277.26,1670198.35,2051132.39,59.54179426776887,32264.913673184332,0.8582398474379629,2021-12-31,2022-01-01,2022-12-31
D,2022-02-19,50,2497284.24,2073056.25,1645088.05,2236164.7,1645088.05,2052697.51,1886645.88,1774774.8,60.1756668458008,35250.78698844771,0.8496752191283266,2021-12-31,2022-01-01,2022-12-31
D,2022-02-20,51,3274514.0,2808978.4,2242422.69,2291312.16,2242422.69,2391771.19,1931034.76,2319552.27,68.17012644507683,32662.86629709806,0.9865809098252223,2021-12-31,2022-01-01,2022-12-31
D,2022-02-21,52,3231879.49,2662096.96,2846395.59,2717337.93,2846395.59,2765997.89,2273822.37,2569279.38,85.45113002183253,32710.91037995396,0.8720949525141288,2021-12-31,2022-01-01,2022-12-31
D,2022-02-22,53,3646117.64,3080342.28,3191488.97,3004055.04,3191488.97,2876208.67,2510770.03,2723605.95,97.24069422046465,31344.750734240468,0.8355315616790686,2021-12-31,2022-01-01,2022-12-31
D,2022-02-23,54,3297595.34,2768284.27,3109091.36,2944302.28,3109091.36,3145403.11,2462814.81,2930403.29,82.81036256032688,36257.27850986062,0.8351075288699246,2021-12-31,2022-01-01,2022-12-31
D,2022-02-24,55,2768850.97,2337359.85,3319266.18,2680706.1,3319266.18,3118788.39,2266174.01,3032602.83,86.35416185152134,31842.279578712652,0.8929968491003295,2021-12-31,2022-01-01,2022-12-31
D,2022-02-25,56,2943786.98,2445090.2,3794995.35,3618276.02,3794995.35,3760278.07,3012651.32,3507355.74,113.1595174620851,33692.68492470445,0.8657412832075857,2021-12-31,2022-01-01,2022-12-31
D,2022-02-26,57,6304749.98,4896174.07,3553116.92,3392833.31,3553116.92,3232955.72,2832849.7,3096955.72,104.75630088115334,33382.640242110065,0.8687692803733409,2021-12-31,2022-01-01,2022-12-31
D,2022-02-27,58,5652340.75,4889448.26,3574449.95,3173863.01,3574449.95,3318710.15,2667514.54,3116171.93,96.8585973216534,32851.77783650166,0.8526583595289001,2021-12-31,2022-01-01,2022-12-31
D,2022-02-28,59,6007208.86,4942844.92,3038788.24,2282501.51,3038788.24,2424910.18,1972123.87,2404723.1,70.96064783098093,32890.19461029436,0.8551439952465492,2021-12-31,2022-01-01,2022-12-31
D,2022-03-01,60,4532724.33,3774772.1,1851357.11,1671426.77,1851357.11,2317304.88,1422409.92,1988331.49,53.887428136267694,31404.90002426597,0.8455253373457956,2021-12-31,2022-01-01,2022-12-31
D,2022-03-02,61,5221766.09,4446394.75,826782.75,992586.78,826782.75,1563057.34,824095.53,1256127.04,27.907482279448786,35485.74261175892,1.0047364856058802,2021-12-31,2022-01-01,2022-12-31
D,2022-03-03,62,1113577.08,936517.95,906705.51,1225784.31,906705.51,943587.81,1028422.11,967177.11,34.42471883899463,38116.39291954924,1.1980035870128982,2021-12-31,2022-01-01,2022-12-31
D,2022-03-04,63,1265611.41,1001621.35,1255525.66,1408650.49,1255525.66,1308187.79,1181608.01,1332396.09,41.30044619012681,34718.374777608034,1.0494367272564356,2021-12-31,2022-01-01,2022-12-31
D,2022-03-05,64,1917604.21,1671253.56,1375268.64,1628291.95,1375268.64,1528476.14,1373967.57,1438442.51,45.31636506956071,34315.89947445235,0.9463749625067821,2021-12-31,2022-01-01,2022-12-31
D,2022-03-06,65,2406752.08,1881208.83,1538632.79,2131654.4,1538632.79,1866241.49,1782945.75,1678242.66,61.49563129250341,35691.29725181075,0.9325200448436839,2021-12-31,2022-01-01,2022-12-31
D,2022-03-07,66,3077438.94,2603663.56,2275984.85,2353394.44,2275984.85,1948051.06,1966261.88,2111286.32,69.36642067403399,32306.814170986516,1.0360197594649807,2021-12-31,2022-01-01,2022-12-31
D,2022-03-08,67,3777839.97,3199498.52,2419960.13,1940297.49,2419960.13,2314482.38,1640973.45,2264570.74,59.331215388353016,32141.36017570441,0.8822775368957345,2021-12-31,2022-01-01,2022-12-31
D,2022-03-09,68,4138590.91,3354044.48,2157560.67,2431839.65,2157560.67,2481130.75,2036249.98,2122941.81,67.70858656182936,32869.00385887585,0.8797092786711065,2021-12-31,2022-01-01,2022-12-31
D,2022-03-10,69,3544992.79,2897669.69,2522742.37,2953739.55,2522742.37,2818698.28,2475615.07,2428919.78,76.20514745053384,36083.87074789441,0.8693429037991267,2021-12-31,2022-01-01,2022-12-31
D,2022-03-11,70,3499825.21,2868355.02,2870085.16,2801098.68,2870085.16,3202820.39,2343689.81,2893991.79,86.00624226522721,30827.375068007594,0.8648885111458489,2021-12-31,2022-01-01,2022-12-31
D,2022-03-12,71,3731020.06,3230097.43,2647536.03,2850436.8,2647536.03,2648669.42,2371766.19,2482296.87,89.10287953854566,30707.54836271591,0.8542009952647385,2021-12-31,2022-01-01,2022-12-31
D,2022-03-13,72,4026635.22,3346220.86,2794851.57,2877984.66,2794851.57,2781776.16,2419771.5,2611684.08,86.94296741246141,31323.4363251275,0.8694566248141093,2021-12-31,2022-01-01,2022-12-31
D,2022-03-14,73,4709281.9,3928279.43,3424973.62,3722842.13,3424973.62,3124426.18,3116220.4,3141881.66,105.31819424243393,34025.88615595471,0.8792510571342163,2021-12-31,2022-01-01,2022-12-31
D,2022-03-15,74,4619237.89,3907599.13,3331108.16,3290617.38,3331108.16,3385048.28,2737326.33,3148865.19,97.61183264639412,36025.299025699496,0.8577970100754766,2021-12-31,2022-01-01,2022-12-31
D,2022-03-16,75,4519934.96,3787149.37,3857615.43,3302867.63,3857615.43,3204982.96,2763208.19,3193090.84,100.45162322744986,32508.696801665654,0.8765438019964256,2021-12-31,2022-01-01,2022-12-31
D,2022-03-17,76,5222281.22,4421275.88,3624365.25,3532926.07,3624365.25,3951816.34,2973278.66,3439133.85,112.70490992823228,31773.108591865814,0.8418360433533036,2021-12-31,2022-01-01,2022-12-31
D,2022-03-18,77,4426435.98,3648313.01,3764747.76,3907281.85,3764747.76,3629427.72,3282563.17,3562251.94,119.01801259982115,31540.485449877873,0.8939555937193708,2021-12-31,2022-01-01,2022-12-31
D,2022-03-19,78,4313906.61,3587200.12,3588788.59,3490543.19,3588788.59,3327590.8,2944641.86,3264126.69,105.6609545406528,31563.487793139677,0.9122614763499728,2021-12-31,2022-01-01,2022-12-31
D,2022-03-20,79,4198964.15,3744253.09,3567187.78,3216492.74,3567187.78,3469144.72,2751800.97,3381917.75,98.2409766136036,30503.849396207374,0.8877856284371455,2021-12-31,2022-01-01,2022-12-31
D,2022-03-21,80,4036051.82,3737447.21,3767166.44,3819006.73,3767166.44,3632431.45,3408543.11,3657079.21,118.06671832982548,31923.75869375805,0.9251010493823033,2021-12-31,2022-01-01,2022-12-31
D,2022-03-22,81,4626820.15,4342565.79,3854117.13,3978567.07,3854117.13,3959885.12,3682989.51,3823334.67,121.99386962458591,32106.414819400532,0.9542538692505607,2021-12-31,2022-01-01,2022-12-31
D,2022-03-23,82,5301842.45,4915987.31,3885975.45,4018447.0,3885975.45,3971814.79,3718348.55,3844879.44,120.8795673358154,32816.71025573297,0.9462620972271998,2021-12-31,2022-01-01,2022-12-31
D,2022-03-24,83,5052034.89,4744310.26,4178518.66,4394598.83,4178518.66,4394537.54,4053311.54,4003036.08,133.97393970380273,30941.839196552697,0.9358176109262779,2021-12-31,2022-01-01,2022-12-31
D,2022-03-25,84,4122489.22,4014534.97,4539422.24,4497499.1,4539422.24,4363562.94,4161368.43,4201589.74,145.20193693573302,30651.620394814872,0.9414460467806853,2021-12-31,2022-01-01,2022-12-31
D,2022-03-26,85,4325007.4,4010228.32,4073879.94,3991592.19,4073879.94,4140699.22,3744380.27,3954144.04,133.05552137014226,28873.843423097063,0.9416153709922852,2021-12-31,2022-01-01,2022-12-31
D,2022-03-27,86,5169170.11,4775502.11,4121821.66,3866378.15,4121821.66,3934152.21,3591999.24,3931485.37,123.8925815429956,31603.51257463522,0.9436203010230331,2021-12-31,2022-01-01,2022-12-31
D,2022-03-28,87,4855258.01,4607293.73,4456803.61,4283359.38,4456803.61,4758503.53,3977419.49,4644033.9,138.1065546434058,30735.461150930096,0.9403973862223276,2021-12-31,2022-01-01,2022-12-31
D,2022-03-29,88,4908504.49,4613958.54,4303502.65,5193648.8,4303502.65,5869123.87,4786870.7,5300146.62,165.67142830068667,31633.693900937902,0.9404205833304731,2021-12-31,2022-01-01,2022-12-31
D,2022-03-30,89,11643208.73,10896036.48,8260458.22,8571816.95,8260458.22,8228466.67,7901169.6,8236810.85,265.02895879922806,31478.808826220888,1.024839886672984,2021-12-31,2022-01-01,2022-12-31
D,2022-03-31,90,9233141.0,8773718.15,7607354.28,6618643.87,7607354.28,7873979.02,6093467.12,7560381.79,227.37200095800193,29007.02027053044,0.9495238083006958,2021-12-31,2022-01-01,2022-12-31
D,2022-04-01,91,8299060.74,8041756.19,6328863.76,6771205.31,6328863.76,8219566.05,6255299.31,7047809.77,227.24759868936238,30438.64273601301,0.9492231619162863,2021-12-31,2022-01-01,2022-12-31
D,2022-04-02,92,8289456.22,7808017.19,6227026.66,6051852.54,6227026.66,7980701.98,5585042.26,6900878.81,205.80118260823915,28183.781228394208,0.9832267444978735,2021-12-31,2022-01-01,2022-12-31
D,2022-04-03,93,6547965.12,6148445.74,5326727.86,5056802.2,5326727.86,7149858.78,4672958.12,5925369.83,166.7250407862462,29560.00218964997,0.9823388746349555,2021-12-31,2022-01-01,2022-12-31
D,2022-04-04,94,1974536.55,1802524.97,1800799.35,2156455.93,1800799.35,2665562.5,2006904.37,2237330.79,72.9668222718932,29315.031369446155,0.9850531432525342,2021-12-31,2022-01-01,2022-12-31
D,2022-04-05,95,3017582.3,2782222.29,1917463.19,2184672.2,1917463.19,2566247.06,2052374.99,2182157.49,74.23972128204065,27807.685498137602,0.9952362195949469,2021-12-31,2022-01-01,2022-12-31
D,2022-04-06,96,2934004.6,2645021.55,2367129.03,2594769.9,2367129.03,2977820.94,2410447.74,2596689.74,89.09390401874897,27491.909167402733,0.9806726601642362,2021-12-31,2022-01-01,2022-12-31
D,2022-04-07,97,1947894.58,1833343.52,2705498.86,2960515.1,2705498.86,3102457.31,2742478.19,2944206.85,97.88415449644232,29020.79118134726,0.9797374368559606,2021-12-31,2022-01-01,2022-12-31
D,2022-04-08,98,2516364.3,2311523.71,2928561.2,2945811.03,2928561.2,3260596.38,2725477.93,3019205.66,96.70695874153736,30145.048203379687,0.9769664862750855,2021-12-31,2022-01-01,2022-12-31
D,2022-04-09,99,3523261.24,3380510.41,3038290.22,2665574.07,3038290.22,2984896.66,2455548.0,2915878.85,92.2795777970987,28901.58103318856,0.9377749103609196,2021-12-31,2022-01-01,2022-12-31
D,2022-04-10,100,3747690.93,3511278.1,2816944.67,2951825.62,2816944.67,3003628.74,2699811.51,2945331.58,100.15646312975703,30083.63191598106,0.9388391176497457,2021-12-31,2022-01-01,2022-12-31
D,2022-04-11,101,4187283.4,3982564.11,3349442.4,3164830.06,3349442.4,3863288.55,2951523.35,3441870.96,110.39346676005559,28614.48354425308,0.944904822239214,2021-12-31,2022-01-01,2022-12-31
D,2022-04-12,102,4300020.35,4061975.74,3330019.44,3292135.37,3330019.44,3593543.01,3080296.49,3320510.08,117.42817185702657,27895.09373216153,0.9483841291242112,2021-12-31,2022-01-01,2022-12-31
D,2022-04-13,103,4888627.31,4546028.85,3796695.86,3754733.14,3796695.86,4176146.22,3491057.61,3772265.7,129.84294543648602,29061.281643942657,0.9344768453983046,2021-12-31,2022-01-01,2022-12-31
D,2022-04-14,104,4670014.27,4407778.78,4079637.59,4033413.5,4079637.59,4010365.15,3717757.53,4079381.11,140.75167664541968,29344.519580291424,0.9166190067482565,2021-12-31,2022-01-01,2022-12-31
D,2022-04-15,105,4908291.49,4288050.23,3931145.88,3785378.84,3931145.88,3744261.16,3442542.16,3754409.69,125.96820903279664,29291.98611372045,0.9194381452280578,2021-12-31,2022-01-01,2022-12-31
D,2022-04-16,106,5147946.06,4540748.11,3690309.16,3539881.51,3690309.16,3817238.86,3151379.98,3602309.26,119.22743186794253,31032.76654616521,0.9176695820841991,2021-12-31,2022-01-01,2022-12-31
D,2022-04-17,107,4470361.38,3877207.22,4701533.16,4011022.56,4701533.16,4014600.54,3416938.25,4063824.74,132.16946157384743,31099.831813450786,0.8875281760470273,2021-12-31,2022-01-01,2022-12-31
D,2022-04-18,108,3680888.01,2995894.73,4104647.98,4203818.34,4104647.98,3701191.87,3505835.42,3459305.88,130.25824912907245,32886.63739622131,0.8318491678046023,2021-12-31,2022-01-01,2022-12-31
D,2022-04-19,109,4426735.65,3630694.51,4657681.9,4090738.71,4657681.9,3912871.39,3387946.8,3805030.79,127.30005001162303,32165.370739510618,0.8292275678053427,2021-12-31,2022-01-01,2022-12-31
D,2022-04-20,110,4874458.71,4017615.85,4383068.85,4357239.19,4383068.85,4483183.14,3577277.75,3959049.67,139.02785764110396,32239.026436913366,0.8220172913763888,2021-12-31,2022-01-01,2022-12-31
D,2022-04-21,111,2926459.0,2418771.53,4543030.19,4806944.9,4543030.19,4961796.06,4017453.96,4290026.62,142.88594384191353,33773.60691745472,0.8468353328482601,2021-12-31,2022-01-01,2022-12-31
D,2022-04-22,112,4609506.19,3890393.56,4119639.08,3623348.19,4119639.08,4287740.52,3037680.41,3834137.57,122.48175166340619,31035.80243136748,0.8842629582299348,2021-12-31,2022-01-01,2022-12-31
D,2022-04-23,113,4709847.04,3925675.06,4151877.48,3945070.96,4151877.48,4464187.21,3243247.31,3910798.47,117.18455923490586,34962.83693841187,0.8557160413856855,2021-12-31,2022-01-01,2022-12-31
D,2022-04-24,114,5020542.99,4173556.86,4624662.37,4124631.44,4624662.37,5166943.97,3481256.57,4654264.36,132.31889097738338,32603.472823828168,0.8857640932257536,2021-12-31,2022-01-01,2022-12-31
D,2022-04-25,115,4873788.42,3954819.04,4561050.25,4394425.04,4561050.25,4813501.69,3641708.87,4390485.16,133.8432700186963,33327.51424315245,0.8626383896091008,2021-12-31,2022-01-01,2022-12-31
D,2022-04-26,116,5688161.6,4770812.83,4641604.75,4342103.72,4641604.75,5096225.49,3612166.8,4635098.99,137.91951240426852,31245.631952337975,0.8756113127366894,2021-12-31,2022-01-01,2022-12-31
D,2022-04-27,117,5361513.76,4376745.35,5389255.12,4881804.32,5389255.12,5469239.97,4119885.34,5121436.8,158.85419932046563,31869.63732076246,0.8706952014752272,2021-12-31,2022-01-01,2022-12-31
D,2022-04-28,118,5590934.3,4645081.23,5791094.38,6868373.01,5791094.38,6574411.97,5648774.98,5863729.65,203.9564845157265,32907.313853436244,0.8646729421085968,2021-12-31,2022-01-01,2022-12-31
D,2022-04-29,119,7579535.07,6187238.79,7633033.03,7150715.01,7633033.03,7203729.91,5918152.0,6696626.42,237.54486747314584,31519.03952334319,0.8545820520815199,2021-12-31,2022-01-01,2022-12-31
D,2022-04-30,120,6592777.23,5405333.92,6505157.25,6304500.37,6505157.25,6876990.84,5297800.05,6143969.59,204.16872374674523,31433.647775923026,0.8598136718177067,2021-12-31,2022-01-01,2022-12-31
D,2022-05-01,121,5680859.44,4706859.17,5700308.79,6085847.12,5700308.79,6910655.6,5054964.86,6076753.48,187.81406903898156,31839.44118640209,0.8850011636431196,2021-12-31,2022-01-01,2022-12-31
D,2022-05-02,122,4291036.44,3434252.59,5182265.99,5709959.88,5182265.99,5422703.97,4771191.13,5207245.31,172.57737234158432,33613.987631649514,1.0033615794474544,2021-12-31,2022-01-01,2022-12-31
D,2022-05-03,123,5504853.65,4531490.74,4940906.52,4377575.25,4940906.52,4615884.18,3678147.64,4476216.98,131.58268069110835,33790.77466085954,0.8611053519764795,2021-12-31,2022-01-01,2022-12-31
D,2022-05-04,124,1792730.62,1492900.17,2030398.04,2010542.42,2030398.04,2613779.56,1667367.51,2225739.11,58.74202870073657,35283.38691949351,0.8532613866720269,2021-12-31,2022-01-01,2022-12-31
D,2022-05-05,125,3556300.98,2916616.09,2630021.1,2303101.8,2630021.1,2400380.65,1921879.84,2411321.7,70.21884774258933,33136.68788790694,0.9870474251242072,2021-12-31,2022-01-01,2022-12-31
D,2022-05-06,126,2532060.94,2027456.78,2501895.59,2368306.6,2501895.59,2903498.07,1981457.31,2633358.85,73.39413391919203,33742.75542389157,0.8596905004319215,2021-12-31,2022-01-01,2022-12-31
D,2022-05-07,127,3620303.23,3000039.1,2444751.78,2242144.25,2444751.78,2696063.78,1849288.07,2496268.48,67.35606584203653,34306.776462626134,0.9038735684188506,2021-12-31,2022-01-01,2022-12-31
D,2022-05-08,128,2468343.71,1923320.47,2929204.72,2697507.9,2929204.72,3008858.37,2259270.83,2779851.4,80.1957271226255,35308.135765171915,0.8609205846819941,2021-12-31,2022-01-01,2022-12-31
D,2022-05-09,129,2985986.67,2430054.67,2712496.42,3119234.74,2712496.42,2963862.65,2589679.54,2734334.81,95.20374999885027,34332.33267910128,0.8711270007662988,2021-12-31,2022-01-01,2022-12-31
D,2022-05-10,130,3668495.19,2955983.75,3426623.95,3436443.61,3426623.95,3437274.14,2844167.2,3199170.14,104.79994418638502,33523.180853349724,0.8483419526797193,2021-12-31,2022-01-01,2022-12-31
D,2022-05-11,131,4347378.73,3521156.43,3632362.84,3553668.32,3632362.84,3647223.49,2996156.87,3302870.25,107.19659850861575,32871.43511888014,0.8772056763954721,2021-12-31,2022-01-01,2022-12-31
D,2022-05-12,132,4753134.02,3878195.49,3772210.89,3854975.67,3772210.89,3705650.3,3218462.31,3527578.33,119.99987912322935,32218.30857977162,0.8549011311514676,2021-12-31,2022-01-01,2022-12-31
D,2022-05-13,133,3479131.38,2953956.65,3826438.1,4249949.19,3826438.1,4058073.23,3508334.83,3566813.86,127.34660032836786,33184.279860770286,0.8653973387173934,2021-12-31,2022-01-01,2022-12-31
D,2022-05-14,134,4406804.98,3730445.32,3719149.99,3939650.47,3719149.99,3528425.83,3285584.32,3393933.18,115.39790706166923,34134.39702724023,0.8822184758110474,2021-12-31,2022-01-01,2022-12-31
D,2022-05-15,135,4455089.7,3604418.84,4274738.62,3729138.37,4274738.62,3515691.45,3105944.65,3584390.25,112.76357152444743,32472.49884805991,0.8538925094663676,2021-12-31,2022-01-01,2022-12-31
D,2022-05-16,136,4323621.35,3469983.75,4005421.6,4454436.85,4005421.6,4054338.37,3709261.47,3697754.18,135.6213276566762,33715.19659622663,0.8346454560581915,2021-12-31,2022-01-01,2022-12-31
D,2022-05-17,137,4158982.96,3363524.3,4308864.11,4455229.0,4308864.11,3763697.36,3735748.92,3692390.41,136.30955829945333,33790.884562719184,0.8607710177057544,2021-12-31,2022-01-01,2022-12-31
D,2022-05-18,138,6094171.87,4997123.61,4270522.57,4341159.16,4270522.57,4009415.49,3599911.18,3800859.64,132.26155486487625,31626.398930503754,0.8284427125601899,2021-12-31,2022-01-01,2022-12-31
D,2022-05-19,139,5824908.18,4737898.72,4381076.68,4659113.45,4381076.68,4171092.48,3887457.96,3887816.51,142.4075589250623,32077.940412906944,0.8440956992273325,2021-12-31,2022-01-01,2022-12-31
D,2022-05-20,140,2226534.2,1797128.71,4997461.87,5030342.46,4997461.87,4743552.84,4180932.47,4344522.77,145.32543871620496,33910.86536325992,0.8369969728371962,2021-12-31,2022-01-01,2022-12-31
D,2022-05-21,141,4033154.28,3341369.82,4531987.11,4272730.01,4531987.11,4222791.27,3561421.14,3831650.02,132.69903588883912,31574.014611459916,0.8341787733898955,2021-12-31,2022-01-01,2022-12-31
D,2022-05-22,142,5000275.74,4124194.76,4526635.6,3981566.5,4526635.6,3695526.51,3362590.44,3832998.93,129.1481317321922,32279.977479042464,0.8429822848245023,2021-12-31,2022-01-01,2022-12-31
D,2022-05-23,143,3647180.26,3055864.88,4565685.58,4383228.32,4565685.58,4496080.45,3637087.84,4004163.9,135.42951509744307,31716.780552561853,0.8276472534830777,2021-12-31,2022-01-01,2022-12-31
D,2022-05-24,144,4442598.36,3584450.45,4985662.43,4675535.97,4985662.43,4471681.73,3903156.07,4208722.63,137.48510314048602,32336.16729079034,0.8401850157873945,2021-12-31,2022-01-01,2022-12-31
D,2022-05-25,145,6573956.43,5501922.55,5059862.05,4846445.83,5059862.05,4865590.92,4039224.86,4373535.77,145.98781208327122,33311.553442211036,0.8329164051532265,2021-12-31,2022-01-01,2022-12-31
D,2022-05-26,146,6284218.49,5141408.99,4997090.45,5528713.3,4997090.45,4979949.49,4613675.09,4671001.18,164.96852440893153,33175.93990866986,0.8391373504729747,2021-12-31,2022-01-01,2022-12-31
D,2022-05-27,147,3652675.9,2933129.2,6038455.13,5913502.05,6038455.13,6050533.42,4921997.48,5812463.56,183.17426864123877,31195.000165176316,0.8694886983519989,2021-12-31,2022-01-01,2022-12-31
D,2022-05-28,148,3223975.84,2664148.14,4923840.29,5583426.42,4923840.29,5452384.65,4706737.41,4725270.0,174.9529583656495,31118.94511676454,0.8681697673913491,2021-12-31,2022-01-01,2022-12-31
D,2022-05-29,149,5327455.25,4413502.81,5230104.22,5194269.54,5230104.22,4786077.38,4290628.21,5024792.45,167.7421882556329,32405.201773714758,0.8699345966497392,2021-12-31,2022-01-01,2022-12-31
D,2022-05-30,150,8158502.0,6931185.72,8361417.0,8083416.75,8361417.0,8058656.89,6743501.9,7656886.67,258.94014250010923,31620.62875650687,0.8781597121978408,2021-12-31,2022-01-01,2022-12-31
D,2022-05-31,151,8513166.37,6787523.6,8835668.08,8191955.23,8835668.08,7485581.55,6813273.64,7348176.53,256.5334046622409,31078.70524080641,0.8561684172837074,2021-12-31,2022-01-01,2022-12-31
D,2022-06-01,152,8373363.4,7038218.52,7744605.76,7703025.12,7744605.76,7207859.42,6430873.55,6783264.51,241.89893527597957,31743.453100558178,0.8392693247239369,2021-12-31,2022-01-01,2022-12-31
D,2022-06-02,153,8325437.52,6796380.79,6536598.28,7563849.99,6536598.28,7191126.22,6332033.03,6402711.88,245.68195495317602,29889.60877054328,0.8501889928913382,2021-12-31,2022-01-01,2022-12-31
D,2022-06-03,154,6585522.44,5345747.87,6921152.01,6706140.68,6921152.01,6411680.91,5596919.73,6009401.71,217.16814451435857,30541.527699244663,0.8754087964872568,2021-12-31,2022-01-01,2022-12-31
D,2022-06-04,155,2998952.42,2492875.15,3673821.2,3607207.4,3673821.2,3997566.77,3022578.93,3513045.73,103.29842054338071,33815.22264358021,0.8395322815751534,2021-12-31,2022-01-01,2022-12-31
D,2022-06-05,156,2945501.79,2481566.23,3776256.29,3252151.32,3776256.29,3311755.31,2691229.38,3321477.06,97.53630547883307,35045.70886276073,0.8604425582185204,2021-12-31,2022-01-01,2022-12-31
D,2022-06-06,157,3100859.0,2519872.17,2725178.61,3741197.04,2725178.61,3471451.65,3103718.94,2967356.88,106.6499025466587,35842.8735493517,0.8436217303041866,2021-12-31,2022-01-01,2022-12-31
D,2022-06-07,158,3673238.8,3096187.02,3660744.47,3900204.79,3660744.47,3293986.13,3230587.28,3285860.91,119.418751622224,32306.445960706864,0.9910492673621532,2021-12-31,2022-01-01,2022-12-31
D,2022-06-08,159,3686799.9,3086016.13,3980933.4,4032469.37,3980933.4,3589348.2,3377126.26,3480724.59,117.1376032250466,33648.5718223997,0.8520664092965884,2021-12-31,2022-01-01,2022-12-31
D,2022-06-09,160,2619038.14,2169844.13,4054614.02,3974973.06,4054614.02,3456825.5,3329064.3,3551822.86,120.14403068897808,34672.49811132949,0.8486577878941306,2021-12-31,2022-01-01,2022-12-31
D,2022-06-10,161,3369544.01,2830537.04,4152865.41,3817177.28,4152865.41,3371262.53,3185151.16,3528144.23,115.68911736687969,34282.99850141951,0.8489733108299344,2021-12-31,2022-01-01,2022-12-31
D,2022-06-11,162,4463584.56,3478666.52,4075771.63,3818776.41,4075771.63,3683427.4,3198863.22,3394393.75,117.38956758089675,33096.97132948479,0.8346948453197214,2021-12-31,2022-01-01,2022-12-31
D,2022-06-12,163,4561669.81,3820200.11,3760797.38,3822452.71,3760797.38,3632174.04,3196377.97,3247416.49,113.71236875533013,35571.057378917794,0.8408121817221688,2021-12-31,2022-01-01,2022-12-31
D,2022-06-13,164,4221162.05,3579316.15,4142736.1,4282959.81,4142736.1,3796471.4,3549539.65,3508939.89,127.12369080561206,34675.82183887368,0.8332920558125474,2021-12-31,2022-01-01,2022-12-31
D,2022-06-14,165,4843640.76,3943051.0,4378593.17,4897707.15,4378593.17,3763738.89,4082152.05,3756356.8,149.27074101075635,32329.987556974684,0.8302007400396654,2021-12-31,2022-01-01,2022-12-31
D,2022-06-15,166,4969823.53,4197066.37,4719593.19,5272456.98,4719593.19,4346769.3,4413072.76,4092957.55,154.74273646031685,32477.111981422735,0.8263667898521327,2021-12-31,2022-01-01,2022-12-31
D,2022-06-16,167,4143877.35,3546880.86,5192935.31,5367119.08,5192935.31,4090457.81,4457462.24,4189188.09,159.4891752612835,33579.76370130975,0.8269734242955784,2021-12-31,2022-01-01,2022-12-31
D,2022-06-17,168,4914374.7,4127718.74,4736738.23,4659330.63,4736738.23,4278804.12,3881057.99,4172841.42,138.98549844613157,33458.07584323497,0.8363456063009911,2021-12-31,2022-01-01,2022-12-31
D,2022-06-18,169,4817780.87,3824360.06,3997652.18,3970236.75,3997652.18,3750327.53,3326905.14,3374863.19,117.06600898271384,32615.809736197305,0.8404486955965118,2021-12-31,2022-01-01,2022-12-31
D,2022-06-19,170,3795086.21,3161112.99,3593795.12,3924202.67,3593795.12,3915384.45,3269528.31,3233281.95,113.19190963220342,34054.81362906553,0.8342805931820385,2021-12-31,2022-01-01,2022-12-31
D,2022-06-20,171,3323030.57,2753309.16,3671879.38,4188138.81,3671879.38,3862905.07,3487438.36,3167690.75,124.18326245568568,32144.391374306033,0.8373167288020187,2021-12-31,2022-01-01,2022-12-31
D,2022-06-21,172,4271838.09,3517936.59,4526668.68,4404663.93,4526668.68,4135095.88,3713474.01,3894661.01,135.02071323940615,31188.67567829435,0.8424037293182827,2021-12-31,2022-01-01,2022-12-31
D,2022-06-22,173,5182306.11,4283552.22,4874065.11,5357906.34,4874065.11,4759240.15,4442977.2,4352482.52,154.59419296336884,32190.438711668372,0.8275054124118355,2021-12-31,2022-01-01,2022-12-31
D,2022-06-23,174,3276933.23,2698817.37,5438042.76,6357519.52,5438042.76,4877546.14,5361769.19,4666263.49,186.08324862290462,32484.33174329326,0.8536020842449763,2021-12-31,2022-01-01,2022-12-31
D,2022-06-24,175,4334289.08,3840132.24,4883826.18,5330953.3,4883826.18,4937626.17,4601153.02,4620816.52,160.49939602878763,31699.344480878448,0.8918333375730658,2021-12-31,2022-01-01,2022-12-31
D,2022-06-25,176,3650772.37,3465656.03,4323889.65,4310387.91,4323889.65,4317480.21,3863210.33,4030091.51,134.16556738847964,30731.892328321726,0.9144433015057631,2021-12-31,2022-01-01,2022-12-31
D,2022-06-26,177,3313898.55,3251613.07,3718780.78,4271696.54,3718780.78,5255017.5,4015023.69,4322180.49,139.40975386211846,29818.378345012083,0.94667907224592,2021-12-31,2022-01-01,2022-12-31
D,2022-06-27,178,3481464.68,3545701.77,4292521.69,5470092.02,4292521.69,5109545.85,5521499.02,4634533.93,173.55706500941977,28854.6685619516,1.056732594400907,2021-12-31,2022-01-01,2022-12-31
D,2022-06-28,179,5799352.35,5797836.84,5368528.34,6031687.05,5368528.34,5782798.85,6151400.45,5610722.19,207.65744698590734,27363.591167788585,1.0569733004534583,2021-12-31,2022-01-01,2022-12-31
D,2022-06-29,180,7265484.49,7471904.08,6931399.27,7911213.84,6931399.27,7463245.39,8080134.97,7100846.23,276.93869184481173,26195.542543191572,1.0304304810430942,2021-12-31,2022-01-01,2022-12-31
D,2022-06-30,181,5503799.91,5548808.71,6626481.26,7512765.37,6626481.26,6682154.7,7636520.98,6636223.46,254.114109954413,25967.544600365094,1.043186085069944,2021-12-31,2022-01-01,2022-12-31
D,2022-07-01,182,5150082.22,5158929.6,5957061.45,6148131.57,5957061.45,5996392.03,6339895.53,5919038.7,227.97247901759496,25834.655376232582,1.023970326944482,2021-12-31,2022-01-01,2022-12-31
D,2022-07-02,183,4591824.74,4681370.69,4954321.68,4877305.21,4954321.68,5145767.27,5057593.53,5104201.68,181.69977580271447,24748.294938599513,1.021402030575183,2021-12-31,2022-01-01,2022-12-31
D,2022-07-03,184,3487232.0,3467227.39,4279614.71,3946493.47,4279614.71,4900127.24,4102563.46,4506987.49,145.99329335466996,26140.702842811468,1.0316952746579977,2021-12-31,2022-01-01,2022-12-31
D,2022-07-04,185,1208545.64,1210803.29,1515175.59,1594710.35,1515175.59,1880117.28,1598417.93,1672579.83,60.20899055472659,26961.647825788943,0.9946275414852994,2021-12-31,2022-01-01,2022-12-31
D,2022-07-05,186,1079245.09,1067117.75,1598721.49,1758068.35,1598721.49,1903012.69,1764358.98,1758971.22,60.06822853498915,28170.282749727096,1.0270904399849838,2021-12-31,2022-01-01,2022-12-31
D,2022-07-06,187,2003115.26,1958001.67,1512324.84,1835787.51,1512324.84,2106219.31,1851567.39,1806081.2,63.043982316781864,26085.176117985633,1.0414944584490256,2021-12-31,2022-01-01,2022-12-31
D,2022-07-07,188,2178171.4,2191625.58,1994688.63,2338841.14,1994688.63,2232811.96,2373545.93,2097619.71,79.0042753917514,26441.653181635713,1.0448455070807592,2021-12-31,2022-01-01,2022-12-31
D,2022-07-08,189,1881078.1,1982500.01,2259266.09,2557152.31,2259266.09,2413865.93,2571898.54,2367650.14,94.62098219495932,25621.8976148771,1.0110446844233776,2021-12-31,2022-01-01,2022-12-31
D,2022-07-09,190,1988747.3,2091746.39,2522494.55,3013458.38,2522494.55,2836919.18,3065887.15,2700783.06,108.24382210686422,25599.77244537411,1.0087933815504462,2021-12-31,2022-01-01,2022-12-31
D,2022-07-10,191,2250020.87,2249417.16,2670535.31,3012431.08,2670535.31,2855358.67,3018462.68,2829021.59,109.26667501554084,23976.457144005573,1.0303449847390498,2021-12-31,2022-01-01,2022-12-31
D,2022-07-11,192,3085208.06,3120714.69,2477861.54,3008855.41,2477861.54,3089625.97,3042207.89,2784612.38,104.37448566916818,26395.50298884894,1.0128792995970683,2021-12-31,2022-01-01,2022-12-31
D,2022-07-12,193,3275001.85,3465716.5,2320454.09,2888896.27,2320454.09,3094664.61,2943118.7,2695469.74,101.01842423379841,25665.524664005206,1.0299797890264553,2021-12-31,2022-01-01,2022-12-31
D,2022-07-13,194,3331997.68,3265956.0,2460558.15,2838521.19,2460558.15,2961706.95,2881578.97,2636009.16,100.95607833807708,25341.14076946656,1.0390340469219197,2021-12-31,2022-01-01,2022-12-31
D,2022-07-14,195,3428606.64,3482102.84,2719357.8,3082472.39,2719357.8,2986506.12,3165304.83,2969727.13,109.80129501762458,25191.976729602193,1.0401621771886571,2021-12-31,2022-01-01,2022-12-31
D,2022-07-15,196,3272104.3,3382105.17,2955115.87,3163188.27,2955115.87,3405024.9,3230269.76,3198523.76,111.96199215054865,25910.321491261795,1.0304850436010025,2021-12-31,2022-01-01,2022-12-31
D,2022-07-16,197,3060600.17,3054594.29,2966860.08,3407889.55,2966860.08,3145388.01,3471649.74,3159857.17,119.73153338427893,26841.598809860177,1.0238925159118848,2021-12-31,2022-01-01,2022-12-31
D,2022-07-17,198,3238870.01,3239433.47,3103101.75,3350144.97,3103101.75,3504793.41,3419020.83,3287076.08,117.21088300316366,26876.35330845137,1.0149485778979548,2021-12-31,2022-01-01,2022-12-31
D,2022-07-18,199,3305333.1,3363292.96,3062660.54,3009387.21,3062660.54,3169112.06,3070869.25,3160297.02,106.5432217193914,25777.37092294574,1.0056757293996683,2021-12-31,2022-01-01,2022-12-31
D,2022-07-19,200,3101945.44,3019090.18,3566419.71,3192055.87,3566419.71,3420521.64,3093881.31,3397057.4,108.1242453569536,28271.046198231856,0.972670101935629,2021-12-31,2022-01-01,2022-12-31
D,2022-07-20,201,3436240.82,3222539.9,3496162.32,3253971.15,3496162.32,3353197.74,3079109.4,3245604.51,110.17759001894689,29727.183735601684,0.913746274839079,2021-12-31,2022-01-01,2022-12-31
D,2022-07-21,202,3596036.01,3119249.05,3510512.54,3240397.43,3510512.54,3469973.91,2951531.36,3262997.89,110.2604324026886,29938.793132971427,0.8986041878840627,2021-12-31,2022-01-01,2022-12-31
D,2022-07-22,203,2771453.13,2364982.84,3952948.73,3250407.92,3952948.73,3837635.99,2859911.91,3601655.12,109.615432068643,30377.30994638078,0.9071124780885769,2021-12-31,2022-01-01,2022-12-31
D,2022-07-23,204,4190232.53,3612754.83,3452361.57,2997729.55,3452361.57,3678410.11,2566952.44,3197111.43,100.58707876118407,32831.46862786106,0.8475827543034042,2021-12-31,2022-01-01,2022-12-31
D,2022-07-24,205,3833852.9,3118207.38,3219303.17,2494174.91,3219303.17,3417909.02,2091511.52,2834708.65,77.34294599237487,32400.39591817559,0.8599068425934473,2021-12-31,2022-01-01,2022-12-31
D,2022-07-25,206,2614143.21,2099890.98,3206367.52,2938593.87,3206367.52,3604260.08,2444870.21,3184249.01,90.20296472224895,32505.41199298326,0.842159998962436,2021-12-31,2022-01-01,2022-12-31
D,2022-07-26,207,3176075.37,2651641.17,3940438.56,3370599.82,3940438.56,3808044.71,2835045.23,3583456.2,109.12920769468195,32946.213801684666,0.8705652687284577,2021-12-31,2022-01-01,2022-12-31
D,2022-07-27,208,4214912.76,3467925.47,3965650.55,3596930.65,3965650.55,3640516.11,3008396.3,3567935.46,113.87925948070637,32602.590493426436,0.8538774926806645,2021-12-31,2022-01-01,2022-12-31
D,2022-07-28,209,4859620.98,3942867.94,4593076.91,4091091.29,4593076.91,4155521.07,3445544.48,3918164.94,128.53095959528852,33549.60882824853,0.8566403210787292,2021-12-31,2022-01-01,2022-12-31
D,2022-07-29,210,3226100.81,2681143.22,4674631.12,4691109.09,4674631.12,5104367.6,3978625.86,4338365.13,152.85872618506946,33564.601633958584,0.8558941424171413,2021-12-31,2022-01-01,2022-12-31
D,2022-07-30,211,2682461.47,2137462.32,4330404.43,5130933.36,4330404.43,5240147.23,4348388.35,4779474.61,170.2301864163199,32275.15736572961,0.9650654442741904,2021-12-31,2022-01-01,2022-12-31
D,2022-07-31,212,4622917.86,3735517.99,4950476.65,5246044.52,4950476.65,5515969.04,4425180.16,5173554.91,179.45146511975517,29017.87773270046,1.0074256671413488,2021-12-31,2022-01-01,2022-12-31
D,2022-08-01,213,4081818.17,3201046.8,5219387.18,5003147.05,5219387.18,5647391.94,4176408.66,5347287.08,167.87427451829848,29077.79034014437,0.9909171110176564,2021-12-31,2022-01-01,2022-12-31
D,2022-08-02,214,4490226.96,3711709.11,4411562.13,4150916.44,4411562.13,5182778.84,3463518.56,4684349.32,146.13560895029124,29731.567034365005,1.015902346753085,2021-12-31,2022-01-01,2022-12-31
D,2022-08-03,215,5085558.26,4209543.55,4602444.57,3746892.88,4602444.57,4472136.13,3169614.36,4522520.71,127.56508073071984,27953.940446376124,1.01022108918874,2021-12-31,2022-01-01,2022-12-31
D,2022-08-04,216,4345026.44,3614349.89,3744443.78,3472258.16,3744443.78,4194055.6,2943598.79,3951753.77,117.80178948366729,30142.24985293568,1.0186567121256935,2021-12-31,2022-01-01,2022-12-31
D,2022-08-05,217,2114789.45,1780212.48,2170643.12,1989998.81,2170643.12,2418006.38,1685567.34,2311968.46,67.97586203932704,31225.4154519928,1.004820258493731,2021-12-31,2022-01-01,2022-12-31
D,2022-08-06,218,2325289.52,2017328.21,2262740.88,1836259.68,2262740.88,2582236.24,1558471.09,2474549.63,63.43459949005987,29612.537649959013,1.0470706009745476,2021-12-31,2022-01-01,2022-12-31
D,2022-08-07,219,2331541.43,1882527.46,2512505.79,1789377.52,2512505.79,2613281.52,1517538.85,2586140.67,60.579102363949005,33333.74248226532,1.0464141311848927,2021-12-31,2022-01-01,2022-12-31
D,2022-08-08,220,3054473.91,2576748.48,2538626.23,1603396.71,2538626.23,2308826.99,1370997.49,2433474.12,57.23337714231736,30585.692801476824,1.0139065013732984,2021-12-31,2022-01-01,2022-12-31
D,2022-08-09,221,2488386.71,1932711.49,2754631.69,1975459.31,2754631.69,2504435.43,1680966.73,2673662.27,66.85021023745941,32881.587955338764,1.0063982407876995,2021-12-31,2022-01-01,2022-12-31
D,2022-08-10,222,2963483.62,2399743.47,2647919.11,2198978.07,2647919.11,2889681.96,1867954.31,2778650.61,81.36179500509107,30975.84569742734,1.007295192148093,2021-12-31,2022-01-01,2022-12-31
D,2022-08-11,223,3674343.1,3109434.98,3044017.91,2996820.99,3044017.91,3261325.88,2537668.7,3273499.68,105.6840267442267,32990.34272306432,1.002204455554764,2021-12-31,2022-01-01,2022-12-31
D,2022-08-12,224,2787707.25,2241846.4,2723610.01,2859863.21,2723610.01,3005069.93,2424723.81,2999571.23,100.12646947222447,31530.80185722435,1.047494821965946,2021-12-31,2022-01-01,2022-12-31
D,2022-08-13,225,1789226.45,1446390.99,2431419.85,2531457.54,2431419.85,2972319.46,2151799.79,2775055.97,87.42829884714011,30904.86581031501,1.0435080513046366,2021-12-31,2022-01-01,2022-12-31
D,2022-08-14,226,2557373.24,2109123.95,2718346.03,2388221.44,2718346.03,2882719.99,2033528.65,2907456.16,84.72519834238543,30161.843896956223,1.05006349008316,2021-12-31,2022-01-01,2022-12-31
D,2022-08-15,227,3869248.63,3309171.5,2415652.8,2509102.46,2415652.8,3042746.77,2133360.31,2900627.93,88.06266744444821,32327.733480645897,1.0455992945938508,2021-12-31,2022-01-01,2022-12-31
D,2022-08-16,228,3139997.28,2622848.5,2637119.8,2742407.92,2637119.8,3045312.07,2329362.49,3000148.57,97.18292684028957,29085.237350649775,1.0497939468155177,2021-12-31,2022-01-01,2022-12-31
D,2022-08-17,229,3480892.06,2948849.64,2898501.72,2870855.53,2898501.72,3330357.68,2433320.79,3144891.79,101.02979692585967,27071.15129809656,1.040802723120834,2021-12-31,2022-01-01,2022-12-31
D,2022-08-18,230,4171974.77,3471070.42,2987318.88,3101418.56,2987318.88,3555724.36,2626665.38,3283513.73,107.7506081215888,27437.992246397713,1.0401250941593374,2021-12-31,2022-01-01,2022-12-31
D,2022-08-19,231,2011108.63,1643391.76,2978995.01,2959534.65,2978995.01,3666947.06,2506500.52,3330083.21,106.67686063899934,26903.186259509686,1.040538690629142,2021-12-31,2022-01-01,2022-12-31
D,2022-08-20,232,2479005.37,2092133.98,3198848.79,2893788.34,3198848.79,2993480.77,2444930.0,3125693.08,95.12754342204404,30992.262724046486,1.0408962517069176,2021-12-31,2022-01-01,2022-12-31
D,2022-08-21,233,2235990.02,1905397.24,2952018.8,2623447.85,2952018.8,2602570.16,2218566.8,2717084.08,87.60019497917843,29958.866603224953,1.0063151165584214,2021-12-31,2022-01-01,2022-12-31
D,2022-08-22,234,3743695.22,3095599.8,2939509.01,2768573.4,2939509.01,2861620.02,2343923.03,2969729.65,96.29204780196163,29730.538645084718,0.9722160928616626,2021-12-31,2022-01-01,2022-12-31
D,2022-08-23,235,2422220.1,1951701.71,2788328.35,2797710.32,2788328.35,2846692.58,2381590.01,2979407.63,97.37061819012088,30705.29919451944,1.0059409482746071,2021-12-31,2022-01-01,2022-12-31
D,2022-08-24,236,3292983.26,2679505.93,3228118.81,3176251.23,3228118.81,3155478.33,2709334.63,3288659.46,106.77341189722932,30695.017704757443,1.0480782753172964,2021-12-31,2022-01-01,2022-12-31
D,2022-08-25,237,3512475.16,2996327.54,3299529.29,3185307.26,3299529.29,3426791.45,2719545.22,3310155.49,113.1468213328099,29214.82033395265,1.005694391434488,2021-12-31,2022-01-01,2022-12-31
D,2022-08-26,238,3544046.7,2980867.4,3255004.05,3222256.64,3255004.05,3275264.43,2748201.53,3156933.3,106.6002989345157,29872.06597322761,1.0143375914693755,2021-12-31,2022-01-01,2022-12-31
D,2022-08-27,239,2367664.33,1897436.06,3051085.26,2414074.65,3051085.26,2910653.67,2052642.9,2974202.68,84.43420072027743,29571.415242503448,1.0110745071304916,2021-12-31,2022-01-01,2022-12-31
D,2022-08-28,240,7051722.27,5879145.36,4410874.62,2892907.38,4410874.62,3927563.04,2456892.93,4152359.12,102.444462980394,32100.012033489144,1.009696069324367,2021-12-31,2022-01-01,2022-12-31
D,2022-08-29,241,7928796.83,6503005.43,5102710.84,4316546.91,5102710.84,6255540.47,3658872.05,6131851.12,154.04698781130205,30560.048763151786,1.009409530673571,2021-12-31,2022-01-01,2022-12-31
D,2022-08-30,242,6574345.89,5482415.72,5116270.14,5125139.1,5116270.14,6653586.57,4280819.3,6099276.89,179.83741531459248,31422.616140872815,1.0286032088039487,2021-12-31,2022-01-01,2022-12-31
D,2022-08-31,243,7627532.44,6341793.09,5063103.91,4954228.73,5063103.91,5964801.17,4127592.61,5559730.06,176.96737845568248,31156.73749245999,1.0406582051288091,2021-12-31,2022-01-01,2022-12-31
D,2022-09-01,244,6284732.49,5155753.38,4730633.11,5103922.81,4730633.11,5054591.97,4248186.7,4833725.22,182.52925605611722,30879.391257745276,1.0239506799991132,2021-12-31,2022-01-01,2022-12-31
D,2022-09-02,245,1902817.9,1746845.19,2611208.49,3040579.49,2611208.49,3548976.88,2716076.24,3007351.06,101.56356442177032,30163.420228942578,1.005164556046239,2021-12-31,2022-01-01,2022-12-31
D,2022-09-03,246,1443083.36,1319555.66,2494719.6,1489803.08,2494719.6,1925134.37,1359274.12,2012235.15,48.171423697196076,31495.88371295299,0.9885073595030776,2021-12-31,2022-01-01,2022-12-31
D,2022-09-04,247,1814811.35,1668265.18,1639471.44,1431699.32,1639471.44,1973927.89,1339562.76,1850555.2,42.542383830282915,32595.066288570957,0.9016657954837597,2021-12-31,2022-01-01,2022-12-31
D,2022-09-05,248,2214621.47,2091481.45,1715347.47,1632776.16,1715347.47,2477135.35,1536557.66,1984027.99,52.9392025141329,31673.73609996803,1.014387249628732,2021-12-31,2022-01-01,2022-12-31
D,2022-09-06,249,1440405.44,1324005.11,2257282.07,2117442.86,2257282.07,2340044.22,1984650.42,2277039.06,66.13806990310795,32039.83496696664,0.9791246772495759,2021-12-31,2022-01-01,2022-12-31
D,2022-09-07,250,1890879.55,1717460.94,2217269.72,2170130.39,2217269.72,2603303.78,2002436.41,2318166.15,71.64986867655149,29978.176124490394,0.9220183277535516,2021-12-31,2022-01-01,2022-12-31
D,2022-09-08,251,3137260.99,2854328.48,2299030.62,2616350.57,2299030.62,2661039.97,2444838.15,2438126.5,80.16053096678783,30294.644362935065,0.933108492928759,2021-12-31,2022-01-01,2022-12-31
D,2022-09-09,252,1905843.43,1773901.8,2424039.2,2285343.88,2424039.2,2360948.35,2154406.37,2284671.01,73.21435020369515,31175.87096434514,0.9474889086200118,2021-12-31,2022-01-01,2022-12-31
D,2022-09-10,253,3003150.84,2629180.97,2419518.56,2012227.14,2419518.56,2167238.17,1884951.22,2348721.01,63.33322372632102,31883.016374843017,0.9435082489814335,2021-12-31,2022-01-01,2022-12-31
D,2022-09-11,254,3574194.77,3355823.68,2091585.33,2113328.53,2091585.33,2290529.21,1968347.45,2131074.62,65.69463176953292,32324.888524074362,0.9420790259512422,2021-12-31,2022-01-01,2022-12-31
D,2022-09-12,255,3415849.51,3102681.39,2253059.05,2496920.6,2253059.05,2438240.15,2321703.11,2318532.02,79.12385531985177,31833.035929887457,0.9372564569514195,2021-12-31,2022-01-01,2022-12-31
D,2022-09-13,256,2521208.91,2449598.89,2495025.85,2849018.21,2495025.85,2813550.74,2640323.81,2601304.04,94.81406925965602,30077.643759219514,0.9447465538032365,2021-12-31,2022-01-01,2022-12-31
D,2022-09-14,257,2125189.04,1992207.12,2563204.23,3156777.85,2563204.23,3170932.43,2909130.92,2898771.96,105.04949989970426,31018.170642067,0.9320297809123304,2021-12-31,2022-01-01,2022-12-31
D,2022-09-15,258,3154006.65,2833555.37,2792425.48,2419189.59,2792425.48,2563085.86,2220566.2,2665248.72,83.46873285351228,27673.77054089003,0.9635391312836603,2021-12-31,2022-01-01,2022-12-31
D,2022-09-16,259,2557894.76,2402816.85,2553278.38,2240026.0,2553278.38,2124514.95,2068670.37,2290986.86,71.21152076478546,32381.838915758046,0.9478969403738211,2021-12-31,2022-01-01,2022-12-31
D,2022-09-17,260,1810510.0,1735920.18,2069227.12,1858753.55,2069227.12,2065598.71,1721253.31,2153389.77,60.46532076039889,30221.113681006827,0.9378024036029471,2021-12-31,2022-01-01,2022-12-31
D,2022-09-18,261,2355578.71,2098692.33,2247585.32,1963023.42,2247585.32,2104939.55,1802868.49,2186469.52,61.59528367556283,31326.255385077333,0.9432332687154004,2021-12-31,2022-01-01,2022-12-31
D,2022-09-19,262,2832515.44,2618684.64,2119502.42,1912517.48,2119502.42,2284431.01,1765162.01,2081367.27,63.91571339288251,30912.477607996323,0.9579941551318694,2021-12-31,2022-01-01,2022-12-31
D,2022-09-20,263,1813002.77,1685796.46,2540039.32,2470900.25,2540039.32,2561415.08,2262291.92,2415067.68,83.82677713832844,30863.741250505358,0.9360757522482588,2021-12-31,2022-01-01,2022-12-31
D,2022-09-21,264,2262085.02,2156585.58,3117607.75,3115902.76,3117607.75,2890868.01,2863619.39,2913727.68,105.53028780966959,32809.14783601538,0.925460568340474,2021-12-31,2022-01-01,2022-12-31
D,2022-09-22,265,3106149.95,2910964.29,2871347.04,2332713.81,2871347.04,2418116.57,2144318.47,2494335.33,79.45754470187137,31532.41841057441,0.9281897386428748,2021-12-31,2022-01-01,2022-12-31
D,2022-09-23,266,2634119.24,2453809.45,2418568.26,2245040.34,2418568.26,2411915.99,2069570.95,2322650.2,74.5109890289313,33326.11361346694,0.9337854608522476,2021-12-31,2022-01-01,2022-12-31
D,2022-09-24,267,2896411.14,2694695.72,2083075.2,1990622.39,2083075.2,2493796.0,1821354.55,2272242.4,67.67417815434962,32870.22366411557,0.956546090495703,2021-12-31,2022-01-01,2022-12-31
D,2022-09-25,268,3041369.47,2753150.12,2269011.62,2116183.5,2269011.62,2708811.35,1943724.52,2505392.48,71.6196195554191,31688.724406508663,0.9929801271061294,2021-12-31,2022-01-01,2022-12-31
D,2022-09-26,269,5205389.57,4849044.63,2545322.18,2262938.45,2545322.18,2797502.12,2091845.39,2648062.92,80.67436483171213,30402.040326322014,0.9893472066370497,2021-12-31,2022-01-01,2022-12-31
D,2022-09-27,270,4259834.95,3803492.23,3695903.97,3314501.94,3695903.97,3753593.15,3059631.42,3592089.37,117.26637068417811,29816.0490699964,0.9536710325503659,2021-12-31,2022-01-01,2022-12-31
D,2022-09-28,271,4257301.76,3860995.61,3758586.85,3579833.58,3758586.85,3904910.77,3311277.02,3701445.14,133.88227611367967,28621.55196463743,0.9415016065971151,2021-12-31,2022-01-01,2022-12-31
D,2022-09-29,272,4352754.23,4023586.93,3723584.71,3082217.51,3723584.71,3578545.44,2818443.03,3549478.26,109.98380832682419,30349.896982234095,0.9249582516554036,2021-12-31,2022-01-01,2022-12-31
D,2022-09-30,273,2551313.88,2332362.64,3024427.87,2758782.03,3024427.87,3279663.43,2545414.32,3043789.16,102.13532288578199,30324.636104616053,0.9422880592417948,2021-12-31,2022-01-01,2022-12-31
D,2022-10-01,274,1469771.93,1293984.1,2581841.05,2861293.54,2581841.05,2722146.42,2615562.3,2595027.38,100.58138985020827,29713.180730056825,0.9137554589228105,2021-12-31,2022-01-01,2022-12-31
D,2022-10-02,275,1289798.82,1015484.47,1768307.88,1593308.02,1768307.88,2160047.12,1385953.23,1962371.54,51.75015667125299,31256.253358829978,0.8569665698148019,2021-12-31,2022-01-01,2022-12-31
D,2022-10-03,276,2179072.88,1799910.69,1225196.57,928578.61,1225196.57,1743028.84,797446.87,1547222.56,31.461672813620943,33336.37376602426,0.9744697580414523,2021-12-31,2022-01-01,2022-12-31
D,2022-10-04,277,2751920.12,2302490.12,1112862.44,1206781.26,1112862.44,1478563.07,1027120.46,1258220.53,36.43456820759904,35473.296901081056,0.9903332354028804,2021-12-31,2022-01-01,2022-12-31
D,2022-10-05,278,1527341.84,1209546.76,1708305.35,1580852.23,1708305.35,1612688.27,1315349.13,1566531.45,47.70788489476427,36172.50456937445,0.9625026827452521,2021-12-31,2022-01-01,2022-12-31
D,2022-10-06,279,2026518.43,1678609.18,1627547.9,1377881.63,1627547.9,1703616.46,1161314.41,1531680.09,41.569054151141586,32744.888668997104,0.8559155735063606,2021-12-31,2022-01-01,2022-12-31
D,2022-10-07,280,1406363.3,1112130.94,1310921.76,1509958.32,1310921.76,1754069.76,1264491.03,1435304.15,45.1379365267716,34888.54736566038,0.8655678688235475,2021-12-31,2022-01-01,2022-12-31
D,2022-10-08,281,2137543.63,1805932.34,1688827.25,1462817.87,1688827.25,1904316.18,1226507.32,1699639.47,46.323233448193825,32205.2664977589,0.993613809438078,2021-12-31,2022-01-01,2022-12-31
D,2022-10-09,282,1805775.79,1488842.7,1771002.19,1568280.62,1771002.19,1939508.35,1303825.82,1672052.23,46.68322593029615,34086.23595563279,0.8584210503684735,2021-12-31,2022-01-01,2022-12-31
D,2022-10-10,283,2356440.12,1975941.69,1774758.14,1401322.39,1774758.14,1833434.15,1178103.76,1670307.06,41.11343696233326,34187.74462002426,0.8750376868185061,2021-12-31,2022-01-01,2022-12-31
D,2022-10-11,284,2270162.6,1955651.17,1596609.39,1719008.84,1596609.39,1964861.98,1429271.1,1736711.09,48.61708959045085,34303.20293312375,0.8736642721570331,2021-12-31,2022-01-01,2022-12-31
D,2022-10-12,285,1976207.14,1617749.24,1817258.88,1651692.02,1817258.88,2210736.3,1386894.35,1954101.92,48.11121346515649,34322.80250194175,0.9737250057051432,2021-12-31,2022-01-01,2022-12-31
D,2022-10-13,286,2430819.33,1940628.06,1759942.93,1870928.73,1759942.93,2085476.66,1557573.64,1987523.93,54.12147165767399,36225.66547907684,0.965339112782565,2021-12-31,2022-01-01,2022-12-31
D,2022-10-14,287,1927818.67,1586067.15,1787504.88,2011544.74,1787504.88,2235944.41,1707250.93,1970552.2,59.83119290082236,32415.313174694013,0.9758455241404302,2021-12-31,2022-01-01,2022-12-31
D,2022-10-15,288,1986495.19,1576156.75,1926020.24,1963331.16,1926020.24,2185166.7,1625100.0,2077752.27,58.18246922937845,34867.852266542264,0.9579740859906778,2021-12-31,2022-01-01,2022-12-31
D,2022-10-16,289,1897952.11,1655869.65,1889550.76,1833315.05,1889550.76,2320452.06,1518306.67,2080595.19,52.49636442772894,34010.16913875037,0.9752441656114987,2021-12-31,2022-01-01,2022-12-31
D,2022-10-17,290,2507328.8,2119354.36,1833507.86,1662216.45,1833507.86,2073469.09,1382690.98,1945468.59,49.15786069428406,33923.51633813321,0.9532908017067883,2021-12-31,2022-01-01,2022-12-31
D,2022-10-18,291,3170696.65,2645141.42,1907290.8,1753494.43,1907290.8,2098783.45,1449637.8,1887920.17,48.107484184223196,34884.31818772929,0.8662850708552672,2021-12-31,2022-01-01,2022-12-31
D,2022-10-19,292,2324314.45,1931007.25,2088433.36,1899383.6,2088433.36,2167068.23,1588129.52,2009054.91,55.49716344390176,36642.37669804321,0.85049585488462,2021-12-31,2022-01-01,2022-12-31
D,2022-10-20,293,2591151.06,2095872.66,1853413.52,2047425.63,1853413.52,2238785.33,1727981.86,1925666.79,63.915465197200945,34173.292211405525,0.8734157956985422,2021-12-31,2022-01-01,2022-12-31
D,2022-10-21,294,2662328.56,2201489.2,1884135.4,1742853.69,1884135.4,2105688.74,1441429.31,1932893.8,55.635774935790884,31145.387303392934,0.8506915253770446,2021-12-31,2022-01-01,2022-12-31
D,2022-10-22,295,2407124.47,1949055.98,2095687.66,1939254.3,2095687.66,2120353.88,1624024.26,1970664.64,56.98768152172924,35711.50777354961,0.8956286590648093,2021-12-31,2022-01-01,2022-12-31
D,2022-10-23,296,1971627.46,1628494.03,1863916.23,1827086.89,1863916.23,2174499.82,1533865.87,1995925.44,55.23584322567922,35288.42825761962,0.8780595313584085,2021-12-31,2022-01-01,2022-12-31
D,2022-10-24,297,2678456.17,2245907.36,1923118.05,1871347.81,1923118.05,2089086.68,1555553.06,1966039.94,55.98571268987495,34587.05393257761,0.9688302400786497,2021-12-31,2022-01-01,2022-12-31
D,2022-10-25,298,3003375.87,2373976.27,1922144.86,1800052.11,1922144.86,2259388.44,1510425.81,1925005.34,52.266516414518264,36657.735873735255,0.8731108439839215,2021-12-31,2022-01-01,2022-12-31
D,2022-10-26,299,2345490.55,1902512.75,1721992.58,1882124.63,1721992.58,2386181.6,1574682.99,1970636.23,55.588925683415425,35628.244594124815,0.8702406513937102,2021-12-31,2022-01-01,2022-12-31
D,2022-10-27,300,2493935.72,2087492.57,2172342.56,2520356.26,2172342.56,2403508.97,2087736.8,2267089.54,74.28532314865377,33589.17414237458,0.9775995562204458,2021-12-31,2022-01-01,2022-12-31
D,2022-10-28,301,4210212.53,3513694.7,2680866.75,2558295.73,2680866.75,3088668.09,2155367.76,2587244.77,80.15076431807266,31586.765864155634,0.9185474375694309,2021-12-31,2022-01-01,2022-12-31
D,2022-10-29,302,3626939.26,2918150.87,3183203.46,2821075.28,3183203.46,3285541.44,2351323.32,3002874.28,88.14733353638964,32282.925636355503,0.8831103568891481,2021-12-31,2022-01-01,2022-12-31
D,2022-10-30,303,3130677.4,2518990.77,3412592.3,2915788.8,3412592.3,3259947.44,2438645.13,3164009.03,85.06888212894039,35851.50199834664,0.8658409272262615,2021-12-31,2022-01-01,2022-12-31
D,2022-10-31,304,4630791.46,3823758.6,2956802.43,2579726.44,2956802.43,3130926.18,2156925.02,2807185.52,77.28799143084044,33739.36599373907,0.8638156988490091,2021-12-31,2022-01-01,2022-12-31
D,2022-11-01,305,3025164.28,2504688.31,3023010.51,2255712.07,3023010.51,2829861.27,1875124.92,2721920.61,68.59338609689058,32980.95009135561,0.8691096473421582,2021-12-31,2022-01-01,2022-12-31
D,2022-11-02,306,1338326.56,1136192.76,2364308.43,1756893.68,2364308.43,2012520.78,1471024.27,2073486.32,54.52562763574057,35629.58946037647,0.8485262561589566,2021-12-31,2022-01-01,2022-12-31
D,2022-11-03,307,1253721.23,994106.82,1109291.07,1236550.28,1109291.07,1257075.69,1021041.64,1103500.04,32.65578881513929,38486.13770383489,0.8433859171758684,2021-12-31,2022-01-01,2022-12-31
D,2022-11-04,308,1065066.0,908402.36,1025467.97,1094695.19,1025467.97,1356601.69,926464.71,1178465.77,34.67448613401786,33634.184641523076,0.8722758722227533,2021-12-31,2022-01-01,2022-12-31
D,2022-11-05,309,1826120.07,1592683.79,1326770.19,1300349.18,1326770.19,1371794.92,1086301.57,1344056.24,38.543374009942845,33853.51305441957,0.9781556264150251,2021-12-31,2022-01-01,2022-12-31
D,2022-11-06,310,2207719.98,1750011.7,926540.23,1241105.89,926540.23,1081959.54,1050091.41,972266.36,37.58466170015153,34618.881853718005,0.8714589896145326,2021-12-31,2022-01-01,2022-12-31
D,2022-11-07,311,1655852.99,1340974.43,1511789.16,1342785.52,1511789.16,1265191.12,1116390.74,1269475.05,38.14424231070675,33429.21742867749,0.9056540210811543,2021-12-31,2022-01-01,2022-12-31
D,2022-11-08,312,1781413.12,1480654.53,1406276.02,1676321.46,1406276.02,1465794.8,1415620.4,1324970.53,51.05920224820481,31652.683947148213,0.8490073898352504,2021-12-31,2022-01-01,2022-12-31
D,2022-11-09,313,845358.47,699535.31,1638345.87,1599777.91,1638345.87,1797499.85,1327411.88,1603421.98,49.423107173494095,32293.974183775685,0.8710158165810951,2021-12-31,2022-01-01,2022-12-31
D,2022-11-10,314,2079598.87,1694276.76,1419470.51,1613885.88,1419470.51,1948904.23,1345798.02,1612699.65,46.358366630510446,36218.326425201616,0.8676268963556555,2021-12-31,2022-01-01,2022-12-31
D,2022-11-11,315,1581745.15,1307363.48,1603908.38,1639492.7,1603908.38,1649307.64,1365302.77,1597970.04,49.00960647996679,32308.118472765575,1.0033237089351443,2021-12-31,2022-01-01,2022-12-31
D,2022-11-12,316,1354235.95,1091940.76,1782533.18,1491051.62,1782533.18,1974605.4,1252915.06,1811146.34,46.916677021768464,31915.574459257645,0.86564592182353,2021-12-31,2022-01-01,2022-12-31
D,2022-11-13,317,2903552.41,2399414.44,1701595.37,1491394.72,1701595.37,1981003.07,1251882.01,1729677.89,45.88730690623783,32955.540514625216,0.8597028155818998,2021-12-31,2022-01-01,2022-12-31
D,2022-11-14,318,1656739.7,1428653.75,1897928.66,1573022.04,1897928.66,2086384.12,1315867.74,1841128.93,47.7473865846994,34052.82468529986,0.8496818005272699,2021-12-31,2022-01-01,2022-12-31
D,2022-11-15,319,1547150.37,1239694.48,1658716.61,1414264.38,1658716.61,1682303.35,1191079.51,1412921.66,44.752128866415774,31558.258314642455,0.8802558240727478,2021-12-31,2022-01-01,2022-12-31
D,2022-11-16,320,1436853.58,1152791.3,1514747.69,1428020.6,1514747.69,1661271.56,1211741.48,1526651.09,43.910513128617374,32444.74372581004,0.8480574432561039,2021-12-31,2022-01-01,2022-12-31
D,2022-11-17,321,1542318.91,1326508.48,1463612.48,1624011.19,1463612.48,1606529.43,1363039.44,1439858.45,48.06419839570782,32426.140715119844,0.8551626318502694,2021-12-31,2022-01-01,2022-12-31
D,2022-11-18,322,2067584.69,1767319.2,1473097.85,1393349.72,1473097.85,1746897.18,1192674.46,1542842.11,45.868647286253655,30547.954375802932,0.9093272800980501,2021-12-31,2022-01-01,2022-12-31
D,2022-11-19,323,1496563.56,1377725.1,1352299.76,1592770.9,1352299.76,1763474.14,1356202.69,1498028.01,50.992023712232225,31978.234802409166,0.9335454068916735,2021-12-31,2022-01-01,2022-12-31
D,2022-11-20,324,1857748.24,1631718.89,1385120.8,1331255.34,1385120.8,1433800.61,1217345.47,1456838.66,41.71546276406977,30521.850180975325,1.010279000956034,2021-12-31,2022-01-01,2022-12-31
D,2022-11-21,325,1349907.06,1276634.29,1343832.46,1159988.69,1343832.46,1683365.99,1102867.57,1532099.1,41.9997485501072,27275.845727964374,0.999779372232076,2021-12-31,2022-01-01,2022-12-31
D,2022-11-22,326,853188.02,904694.78,1354518.5,1251041.52,1354518.5,1683877.46,1246260.88,1498765.54,44.57366641221511,28494.781125920796,1.0266592475481882,2021-12-31,2022-01-01,2022-12-31
D,2022-11-23,327,1060969.69,1157743.64,1428704.86,1368051.25,1428704.86,1678623.07,1391915.0,1559813.36,46.79040708680653,29485.550616441553,1.041543959331288,2021-12-31,2022-01-01,2022-12-31
D,2022-11-24,328,1729664.2,1775190.25,1163532.31,1395180.31,1163532.31,1855601.42,1410737.61,1540098.72,48.82141762242282,27472.43548527766,1.0304283903965707,2021-12-31,2022-01-01,2022-12-31
D,2022-11-25,329,1527923.9,1576795.62,1227890.78,1360027.9,1227890.78,1840926.13,1370788.6,1582052.13,49.493219781533554,26230.876045392684,1.1766099416207125,2021-12-31,2022-01-01,2022-12-31
D,2022-11-26,330,2035639.78,2105948.81,1309874.31,1396284.03,1309874.31,1533549.81,1432489.54,1556898.08,52.32498713419777,25860.699218120513,1.171822303405078,2021-12-31,2022-01-01,2022-12-31
D,2022-11-27,331,3138619.13,3283279.48,1546384.15,1657585.79,1546384.15,1922007.36,1701966.84,1897577.56,64.79593924045639,26062.83006878865,1.0579699970979397,2021-12-31,2022-01-01,2022-12-31
D,2022-11-28,332,2104917.42,2152332.4,1846718.57,2195724.71,1846718.57,2346889.82,2240951.23,2119200.96,83.63197587062008,24913.772070604806,1.0414775500087412,2021-12-31,2022-01-01,2022-12-31
D,2022-11-29,333,2558728.79,2694391.19,1919234.17,2068134.3,1919234.17,2145824.15,2132708.26,2038035.42,81.91878152572555,24087.158581898842,1.0346725361443538,2021-12-31,2022-01-01,2022-12-31
D,2022-11-30,334,1317689.52,1346354.39,1925821.63,1827055.92,1925821.63,2187993.08,1881241.92,2120075.43,78.61727182581333,22285.215273831036,1.0183199274726231,2021-12-31,2022-01-01,2022-12-31
D,2022-12-01,335,1668445.9,1683082.9,1419699.51,1325089.49,1419699.51,1776346.85,1338176.52,1688297.55,59.73457658260099,23799.120780357753,1.0319292458779095,2021-12-31,2022-01-01,2022-12-31
D,2022-12-02,336,720381.04,726739.78,782338.24,863485.09,782338.24,1158251.65,871907.01,989075.83,38.00704689062033,23066.6268595245,1.0423112494980473,2021-12-31,2022-01-01,2022-12-31
D,2022-12-03,337,753704.17,751384.0,749607.79,827109.63,749607.79,855229.72,829712.41,839604.89,34.937975977794714,21444.18949824119,1.0459058452100454,2021-12-31,2022-01-01,2022-12-31
D,2022-12-04,338,664409.51,678890.04,679607.48,756291.93,679607.48,974130.85,754895.45,862861.88,32.19319145184116,22080.892256734547,1.032696405917282,2021-12-31,2022-01-01,2022-12-31
D,2022-12-05,339,1607335.1,1688255.85,652476.25,694910.53,652476.25,1108199.99,724991.3,894898.29,30.25373669497748,21976.15270531092,1.0507392687228307,2021-12-31,2022-01-01,2022-12-31
D,2022-12-06,340,1436188.44,1460346.38,739161.78,770617.11,739161.78,1095888.13,784568.92,1019157.87,34.12601326741593,21392.105547351646,1.189899343368293,2021-12-31,2022-01-01,2022-12-31
D,2022-12-07,341,760218.13,731672.82,860073.49,904466.92,860073.49,1003185.87,936239.35,1002254.87,40.73167124077103,20930.333781011315,1.2020387181513712,2021-12-31,2022-01-01,2022-12-31
D,2022-12-08,342,818209.67,832757.07,1106171.06,989738.28,1106171.06,1149688.3,1012248.09,1111217.08,44.068704025515395,21812.39177008514,1.0367955845972614,2021-12-31,2022-01-01,2022-12-31
D,2022-12-09,343,1323267.85,1366777.35,905298.47,957856.57,905298.47,1163863.48,980107.95,1001742.3,42.45662612978773,22868.353382895388,1.0220733103986102,2021-12-31,2022-01-01,2022-12-31
D,2022-12-10,344,1598936.84,1616981.65,856640.68,1016903.9,856640.68,1303649.43,1042603.7,1147906.41,47.03283911631828,21511.144933476142,1.0559646298887375,2021-12-31,2022-01-01,2022-12-31
D,2022-12-11,345,1420910.74,1526398.5,808626.19,1128179.76,808626.19,1183238.82,1154660.61,1095887.18,50.755177620259204,18958.579051346835,1.21344310183874,2021-12-31,2022-01-01,2022-12-31
D,2022-12-12,346,1983085.06,2071778.79,1050461.59,1052380.14,1050461.59,1550077.76,1074748.31,1407893.73,47.93250355563795,19296.1211134475,1.2028441954715716,2021-12-31,2022-01-01,2022-12-31
D,2022-12-13,347,1652309.19,1687562.98,1143723.59,1071902.81,1143723.59,1459038.32,1078826.15,1377959.69,48.50470542372976,20947.542980563638,1.2061218606912982,2021-12-31,2022-01-01,2022-12-31
D,2022-12-14,348,1662243.59,1688191.22,1440355.45,1295669.34,1440355.45,1435894.37,1302316.12,1546292.12,59.034157854442896,21417.104048664547,1.076630487037276,2021-12-31,2022-01-01,2022-12-31
D,2022-12-15,349,1494318.64,1554407.68,1371341.48,1387523.22,1371341.48,1768830.53,1395961.63,1610259.09,63.65007536095062,21808.13764079087,1.053061195881423,2021-12-31,2022-01-01,2022-12-31
D,2022-12-16,350,1482192.97,1521540.05,1292241.16,1293244.65,1292241.16,1931673.49,1308681.06,1654914.49,59.38685339582895,19668.220963130163,1.0326808714200872,2021-12-31,2022-01-01,2022-12-31
D,2022-12-17,351,1302193.74,1321522.92,1321310.51,1322202.73,1321310.51,2026688.57,1350611.76,1833587.1,59.22230928182387,21098.3289290003,1.1886420400972217,2021-12-31,2022-01-01,2022-12-31
D,2022-12-18,352,2201374.59,2308997.06,1213160.02,1280265.23,1213160.02,1669857.32,1297404.52,1601119.76,58.01432941121502,21006.342870438537,1.1955083846796524,2021-12-31,2022-01-01,2022-12-31
D,2022-12-19,353,2250767.39,2245767.23,1376581.93,1305746.52,1376581.93,1759106.65,1336589.16,1737290.12,59.46339794090117,20654.55156165237,1.189661723506819,2021-12-31,2022-01-01,2022-12-31
D,2022-12-20,354,2026810.08,2053084.16,1501210.94,1539327.13,1501210.94,1816287.78,1584680.5,1746098.19,70.44320373829483,22134.20664328887,1.0446313060608747,2021-12-31,2022-01-01,2022-12-31
D,2022-12-21,355,1795395.02,1806884.57,1748576.44,1727112.92,1748576.44,2170639.38,1786810.31,2107629.6,80.30567981151954,21788.707786585364,1.0375401479163924,2021-12-31,2022-01-01,2022-12-31
D,2022-12-22,356,1791622.46,1773829.08,2006579.07,1911849.85,2006579.07,2185492.82,1932669.27,2153517.59,89.09570250224004,23300.4037656077,1.0381887274043722,2021-12-31,2022-01-01,2022-12-31
D,2022-12-23,357,1501209.11,1499234.75,1779288.62,1520089.19,1779288.62,1983514.58,1566084.26,1884281.23,71.84290498935805,21845.723142079667,1.0452795879310304,2021-12-31,2022-01-01,2022-12-31
D,2022-12-24,358,1390870.89,1401661.67,1484376.58,1267507.5,1484376.58,1928324.19,1286899.05,1622458.9,60.13547221251431,22617.947757019145,1.0019478896110212,2021-12-31,2022-01-01,2022-12-31
D,2022-12-25,359,1136772.53,1160100.63,1358608.98,1194975.93,1358608.98,1838008.37,1199784.75,1649072.38,58.88870072147841,22010.832826119033,1.0332345119649244,2021-12-31,2022-01-01,2022-12-31
D,2022-12-26,360,2110830.12,2160963.69,1317532.98,1156609.65,1317532.98,1871311.04,1162823.14,1616801.32,64.05041470559928,20481.10596724861,1.0348573478205245,2021-12-31,2022-01-01,2022-12-31
D,2022-12-27,361,2100553.66,2184872.24,1343675.25,1193304.97,1343675.25,1615430.47,1203602.03,1423357.51,64.52446170766882,19949.222044165726,1.0420189352398093,2021-12-31,2022-01-01,2022-12-31
D,2022-12-28,362,3448729.2,3513621.0,2221199.15,1857987.92,2221199.15,2296338.91,1904239.7,2148481.29,100.09528286611275,21604.255633456414,1.0070684755912285,2021-12-31,2022-01-01,2022-12-31
D,2022-12-29,363,3083944.33,3170787.1,3311633.76,2355139.65,3311633.76,3791276.39,2434298.75,3476141.61,125.14000605372112,21905.320807632615,1.0184013005817611,2021-12-31,2022-01-01,2022-12-31
D,2022-12-30,364,2884668.76,3022292.15,2937034.5,2199696.54,2937034.5,3282114.38,2260467.14,3089639.44,114.76215623596674,21572.00186761085,1.0030909868153222,2021-12-31,2022-01-01,2022-12-31
D,2022-12-31,365,2383037.48,2279288.13,2600000.2,1797494.03,2600000.2,2764327.12,1842272.31,2658435.51,93.5045828952955,23792.21689152747,0.9935885567811797,2021-12-31,2022-01-01,2022-12-31
